Fecha (dd/mm/aaaa),BRL,CHF,GBP,JPY
06/08/2020,715.76562,4146.20621,4963.48627,35.787599
07/08/2020,714.57519,4131.597979,4920.55025,35.606589
08/08/2020,714.57519,4131.597979,4920.55025,35.606589
09/08/2020,714.57519,4131.597979,4920.55025,35.606589
10/08/2020,705.600369,4123.012139,4934.87499,35.643619
11/08/2020,699.134009,4116.410079,4934.086909,35.417749
12/08/2020,690.745959,4119.204569,4895.08608,35.07952
13/08/2020,688.534229,4128.85883,4918.72241,35.141849
14/08/2020,700.260239,4142.346599,4938.97925,35.3913
15/08/2020,703.25309,4160.05058,4960.087959,35.542549
16/08/2020,703.25309,4160.05058,4960.087959,35.542549
17/08/2020,703.25309,4173.819499,4956.304809,35.673259
18/08/2020,702.586999,4187.216379,5001.3243,35.883049
19/08/2020,692.39565,4159.320719,4989.78019,35.82457
20/08/2020,686.107459,4141.994719,4949.859889,35.558669
21/08/2020,671.12593,4156.66995,4958.209969,35.79507
22/08/2020,677.34496,4195.187979,5004.15552,36.126759
23/08/2020,677.34496,4195.187979,5004.15552,36.126759
24/08/2020,682.73395,4204.405139,5002.624609,36.160899
25/08/2020,687.01115,4227.55169,5042.921279,36.08082
26/08/2020,690.703859,4258.225059,5102.542,36.439459
27/08/2020,690.922149,4229.40076,5074.487479,36.14244
28/08/2020,682.782839,4226.319279,5093.43266,36.282359
29/08/2020,672.096509,4160.17258,5013.714649,35.7145
30/08/2020,672.096509,4160.17258,5013.714649,35.7145
31/08/2020,687.7947,4177.271709,5035.900889,35.46524
01/09/2020,684.63085,4128.993489,5037.576449,35.340719
02/09/2020,685.567499,4045.78207,4900.60404,34.705359
03/09/2020,679.94789,4019.029799,4850.28675,34.397469
04/09/2020,688.34058,3992.164789,4825.91683,34.36393
05/09/2020,697.646629,4046.137029,4891.161019,34.828519
06/09/2020,697.646629,4046.137029,4891.161019,34.828519
07/09/2020,700.69641,4047.46392,4880.42342,34.8449
08/09/2020,700.69641,4038.634379,4823.40307,34.953449
09/09/2020,699.770909,4113.43332,4885.124439,35.37196
10/09/2020,701.1298,4096.594659,4782.985569,35.01554
11/09/2020,699.08936,4070.267289,4730.807979,34.849119
12/09/2020,700.736819,4079.859199,4741.9565,34.93124
13/09/2020,700.736819,4079.859199,4741.9565,34.93124
14/09/2020,701.824089,4092.463859,4778.675599,35.109799
15/09/2020,697.836829,4072.931579,4752.493499,35.055939
16/09/2020,698.662789,4057.600789,4790.01039,35.141089
17/09/2020,705.147919,4070.175819,4796.86908,35.375929
18/09/2020,706.381799,4084.27707,4815.30079,35.611629
19/09/2020,708.42033,4096.063769,4829.197129,35.714399
20/09/2020,708.42033,4096.063769,4829.197129,35.714399
21/09/2020,704.455109,4068.33023,4767.728519,35.63242
22/09/2020,696.35521,4123.73803,4823.841199,36.110689
23/09/2020,701.967849,4130.07689,4867.67745,36.22399
24/09/2020,698.598679,4165.606459,4913.340119,36.635689
25/09/2020,695.37588,4170.757959,4922.437659,36.67676
26/09/2020,694.300629,4164.30878,4914.826159,36.620049
27/09/2020,694.300629,4164.30878,4914.826159,36.620049
28/09/2020,694.886899,4171.494819,4967.81516,36.623519
29/09/2020,691.09432,4189.168649,4957.26957,36.527859
30/09/2020,686.282969,4223.124649,5015.46942,36.76371
01/10/2020,685.35486,4204.79712,4974.473339,36.597889
02/10/2020,680.843439,4177.818849,4970.83525,36.4756
03/10/2020,687.835559,4220.72414,5021.884659,36.850189
04/10/2020,687.835559,4220.72414,5021.884659,36.850189
05/10/2020,687.555349,4244.25978,5038.576399,36.74902
06/10/2020,682.81136,4206.336169,4986.88125,36.39914
07/10/2020,693.26799,4174.05104,4936.91597,36.09819
08/10/2020,685.17282,4182.877379,4962.64624,36.20215
09/10/2020,683.298919,4213.00197,4991.649,36.34731
10/10/2020,680.544179,4196.017109,4971.524999,36.200769
11/10/2020,680.544179,4196.017109,4971.524999,36.200769
12/10/2020,680.544179,4208.94783,4997.91232,36.331459
13/10/2020,690.459849,4185.91287,4966.9359,36.241939
14/10/2020,690.42861,4228.88474,5029.41254,36.695399
15/10/2020,690.43632,4207.54241,4962.459039,36.51173
16/10/2020,686.263929,4215.76069,4984.215149,36.56992
17/10/2020,684.84136,4207.021759,4973.88328,36.494109
18/10/2020,684.84136,4207.021759,4973.88328,36.494109
19/10/2020,684.18356,4230.15506,5000.80864,36.47681
20/10/2020,685.998889,4239.117479,4982.13834,36.41046
21/10/2020,686.22635,4240.88342,5043.235029,36.69339
22/10/2020,675.805349,4173.478159,4956.19429,36.11518
23/10/2020,676.663559,4168.1161,4926.744279,36.030619
24/10/2020,677.726009,4174.66063,4934.47997,36.087189
25/10/2020,677.726009,4174.66063,4934.47997,36.087189
26/10/2020,674.10271,4170.518189,4926.914649,36.076869
27/10/2020,676.968139,4206.55339,4982.211889,36.503779
28/10/2020,674.568009,4189.828449,4952.536949,36.524439
29/10/2020,670.18964,4190.53125,4952.41023,36.697169
30/10/2020,666.04322,4201.16773,4978.21219,36.83055
31/10/2020,667.60558,4211.022589,4989.88979,36.916949
01/11/2020,667.60558,4211.022589,4989.88979,36.916949
02/11/2020,667.60558,4197.737159,4982.172669,36.825339
03/11/2020,668.588849,4230.41333,5043.90963,36.906359
04/11/2020,672.0895,4193.758909,4967.426239,36.598539
05/11/2020,668.78579,4202.5941,4992.28956,36.734169
06/11/2020,676.726949,4186.208429,4948.294149,36.43934
07/11/2020,672.11873,4157.70214,4914.59839,36.1912
08/11/2020,672.11873,4157.70214,4914.59839,36.1912
09/11/2020,675.898159,4102.94149,4915.71985,35.466689
10/11/2020,690.362579,3994.030009,4831.14875,34.662509
11/11/2020,679.92177,3976.579519,4818.29495,34.565849
12/11/2020,675.84329,3995.29386,4794.201649,34.73028
13/11/2020,674.12734,3991.483299,4799.519379,34.852029
14/11/2020,672.968119,3984.619589,4791.266179,34.792099
15/11/2020,672.968119,3984.619589,4791.266179,34.792099
16/11/2020,672.968119,3990.298179,4797.0901,34.80541
17/11/2020,663.643149,3998.626819,4826.937689,34.93234
18/11/2020,673.657379,3998.229209,4836.620289,35.071779
19/11/2020,689.21324,4000.14255,4824.122919,35.11484
20/11/2020,683.950939,4002.084929,4846.63119,35.135829
21/11/2020,684.47603,4005.157459,4850.352109,35.16281
22/11/2020,684.47603,4005.157459,4850.352109,35.16281
23/11/2020,682.237049,3996.386719,4853.27203,34.94064
24/11/2020,674.98792,3984.775689,4853.217819,34.71495
25/11/2020,674.286979,4006.201889,4875.74809,34.900269
26/11/2020,676.68311,3992.04984,4826.70394,34.724629
27/11/2020,680.588399,4002.642339,4832.13453,34.814779
28/11/2020,678.905909,3992.74737,4820.18896,34.72872
29/11/2020,678.905909,3992.74737,4820.18896,34.72872
30/11/2020,675.18695,3990.100539,4822.35583,34.638779
01/12/2020,673.752129,3987.38898,4800.49416,34.38154
02/12/2020,674.18865,3970.288959,4742.506229,34.0305
03/12/2020,676.0701,3968.561149,4770.186819,34.05503
04/12/2020,674.44933,3908.656109,4691.240399,33.41754
05/12/2020,671.74683,3892.99427,4672.442769,33.283639
06/12/2020,671.74683,3892.99427,4672.442769,33.283639
07/12/2020,670.694389,3901.755369,4618.34993,33.334829
08/12/2020,674.593809,3925.32357,4660.895459,33.499659
09/12/2020,683.692069,3920.029219,4672.4047,33.473939
10/12/2020,678.1911,3907.72353,4600.449819,33.20011
11/12/2020,678.30114,3872.546589,4557.01835,33.18473
12/12/2020,675.264519,3855.209969,4536.617479,33.036169
13/12/2020,675.264519,3855.209969,4536.617479,33.036169
14/12/2020,677.40948,3864.756859,4573.01205,32.9949
15/12/2020,677.641769,3867.475449,4592.825189,33.04059
16/12/2020,671.56704,3868.037969,4619.95175,33.06705
17/12/2020,669.17592,3863.61682,4644.337489,33.16064
18/12/2020,673.99517,3853.16312,4599.831849,32.993029
19/12/2020,675.860559,3863.82738,4612.56263,33.084339
20/12/2020,675.860559,3863.82738,4612.56263,33.084339
21/12/2020,670.90231,3854.68274,4556.47037,33.05237
22/12/2020,667.573589,3871.79169,4584.945869,33.199049
23/12/2020,669.341509,3874.156539,4658.88276,33.25835
24/12/2020,673.15691,3909.4185,4715.31854,33.61171
25/12/2020,675.33343,3922.05882,4730.56458,33.72039
26/12/2020,675.33343,3922.05882,4730.56458,33.72039
27/12/2020,675.33343,3922.05882,4730.56458,33.72039
28/12/2020,674.668339,3929.557969,4698.072509,33.64894
29/12/2020,667.262899,3950.485979,4716.329719,33.742539
30/12/2020,670.459789,3945.27532,4739.83452,33.73147
31/12/2020,660.591589,3884.23673,4692.913999,33.25099
01/01/2021,660.591589,3884.23673,4692.913999,33.25099
02/01/2021,660.591589,3884.23673,4692.913999,33.25099
03/01/2021,660.591589,3884.23673,4692.913999,33.25099
04/01/2021,660.591589,3903.22947,4662.021499,33.28969
05/01/2021,662.684999,3891.229659,4651.234559,33.28578
06/01/2021,647.868119,3915.955509,4676.787919,33.38241
07/01/2021,644.659239,3873.49152,4643.280179,32.98729
08/01/2021,647.49845,3917.768959,4703.040699,33.333869
09/01/2021,651.002299,3938.969419,4728.490539,33.51426
10/01/2021,651.002299,3938.969419,4728.490539,33.51426
11/01/2021,651.002299,3902.28879,4692.318199,33.35356
12/01/2021,647.97026,3911.504719,4738.924869,33.385579
13/01/2021,638.401269,3929.74647,4757.154599,33.560909
14/01/2021,655.50278,3913.986719,4758.74431,33.506979
15/01/2021,659.512259,3899.044829,4712.975,33.408039
16/01/2021,658.94964,3895.71862,4708.95444,33.379539
17/01/2021,658.94964,3895.71862,4708.95444,33.379539
18/01/2021,657.736959,3893.53099,4707.22104,33.4375
19/01/2021,656.81482,3903.174959,4721.08824,33.369909
20/01/2021,657.74381,3910.19651,4747.399699,33.62655
21/01/2021,655.550939,3923.465009,4772.113629,33.570149
22/01/2021,654.15349,3928.911979,4755.106149,33.508189
23/01/2021,663.13957,3982.88329,4820.426849,33.96849
24/01/2021,663.13957,3982.88329,4820.426849,33.96849
25/01/2021,649.27709,3967.642089,4820.074319,33.975029
26/01/2021,650.472089,4037.88322,4923.6643,34.569229
27/01/2021,666.83005,4038.547169,4922.12334,34.503599
28/01/2021,675.779469,4094.69714,4990.5679,34.87304
29/01/2021,660.594,4031.302,4924.24329,34.251429
30/01/2021,655.80735,4002.091289,4888.562359,34.003239
31/01/2021,655.80735,4002.091289,4888.562359,34.003239
01/02/2021,650.09405,3974.829699,4864.002089,33.915759
02/02/2021,652.241669,3963.68391,4854.50344,33.891979
03/02/2021,656.219709,3930.823969,4824.20085,33.647339
04/02/2021,659.44736,3900.96345,4811.47836,33.42096
05/02/2021,660.1792,3953.154849,4885.28726,33.747079
06/02/2021,657.331549,3936.103079,4864.21478,33.601509
07/02/2021,657.331549,3936.103079,4864.21478,33.601509
08/02/2021,657.64876,3942.672739,4870.23836,33.68777
09/02/2021,662.390049,3980.5711,4904.70607,33.993009
10/02/2021,660.990589,4025.648799,4961.69858,34.24013
11/02/2021,658.51382,3996.35995,4916.706549,33.971539
12/02/2021,657.48787,3954.958489,4883.10079,33.5885
13/02/2021,655.6602,3943.96455,4869.52681,33.495139
14/02/2021,655.6602,3943.96455,4869.52681,33.495139
15/02/2021,653.35724,3951.5005,4891.675409,33.371139
16/02/2021,653.35724,3945.29233,4897.300449,33.26064
17/02/2021,653.82928,3916.49782,4875.15588,33.21867
18/02/2021,655.03583,3952.558239,4946.446799,33.524059
19/02/2021,652.356539,3952.9162,4958.664569,33.499279
20/02/2021,655.590789,3972.51396,4983.248639,33.66537
21/02/2021,655.590789,3972.51396,4983.248639,33.66537
22/02/2021,659.408729,3964.98271,4996.40362,33.84161
23/02/2021,654.53141,4002.233079,5081.91978,34.27602
24/02/2021,658.97694,3950.236539,5062.421699,33.89699
25/02/2021,660.493569,3962.23009,5057.91291,33.678019
26/02/2021,657.2572,3964.456959,5017.421999,33.685969
27/02/2021,663.880639,4004.40835,5067.984529,34.02544
28/02/2021,663.880639,4004.40835,5067.984529,34.02544
01/03/2021,655.452469,3967.5862,5052.39966,33.99034
02/03/2021,648.86611,3959.296089,5053.916669,33.94583
03/03/2021,641.579569,3975.806799,5096.86679,34.09958
04/03/2021,641.29691,3975.07027,5145.142139,34.178649
05/03/2021,651.403519,3917.51503,5042.251769,33.70279
06/03/2021,650.012489,3909.14948,5031.48444,33.630819
07/03/2021,650.012489,3909.14948,5031.48444,33.630819
08/03/2021,640.158969,3891.18118,5028.9363,33.445419
09/03/2021,631.98458,3895.09835,5035.006089,33.314419
10/03/2021,616.32272,3864.6585,5004.44956,33.13479
11/03/2021,620.077289,3849.04905,4976.34446,32.837739
12/03/2021,632.4923,3805.167399,4912.06141,32.43663
13/03/2021,639.771659,3848.96113,4968.594409,32.809939
14/03/2021,639.771659,3848.96113,4968.594409,32.809939
15/03/2021,642.646579,3851.86382,4957.153449,32.767839
16/03/2021,635.215839,3861.788529,4968.33788,32.803939
17/03/2021,636.31659,3831.277619,4935.114679,32.541299
18/03/2021,632.460709,3855.209559,4987.40207,32.837919
19/03/2021,643.51517,3838.531019,4952.25493,32.79538
20/03/2021,640.6108,3821.20658,4929.903909,32.64737
21/03/2021,640.6108,3821.20658,4929.903909,32.64737
22/03/2021,640.6108,3848.93847,4923.507899,32.70145
23/03/2021,645.170309,3809.32675,4901.477189,32.7165
24/03/2021,653.34789,3838.55859,4926.309979,32.99466
25/03/2021,657.060219,3870.44293,4988.838679,33.31304
26/03/2021,646.568509,3892.965839,5046.148659,33.3962
27/03/2021,647.839299,3900.617209,5056.066549,33.46184
28/03/2021,647.839299,3900.617209,5056.066549,33.46184
29/03/2021,642.6485,3904.77255,5048.36919,33.397809
30/03/2021,639.83321,3929.851529,5082.20269,33.60096
31/03/2021,648.36386,3971.21147,5156.5621,33.824309
01/04/2021,638.25039,3900.56197,5084.95642,33.26659
02/04/2021,638.25039,3900.56197,5084.95642,33.26659
03/04/2021,638.25039,3900.56197,5084.95642,33.26659
04/04/2021,638.25039,3900.56197,5084.95642,33.26659
05/04/2021,645.745779,3926.793329,5111.810349,33.405549
06/04/2021,644.43992,3907.599139,5054.52325,33.22509
07/04/2021,647.94425,3929.646389,5026.28354,33.25554
08/04/2021,651.58437,3933.87375,4997.92618,33.31459
09/04/2021,651.138659,3928.29964,4990.304919,33.166649
10/04/2021,654.034149,3945.768019,5012.495829,33.314129
11/04/2021,654.034149,3945.768019,5012.495829,33.314129
12/04/2021,646.756669,3959.0347,5017.971179,33.371999
13/04/2021,645.780889,3960.93885,5017.08232,33.460659
14/04/2021,642.533909,3972.015159,5052.715489,33.634579
15/04/2021,643.859119,3976.01692,5056.54345,33.718049
16/04/2021,643.87849,3940.35698,5004.116879,33.27573
17/04/2021,639.462539,3913.3326,4969.796849,33.04751
18/04/2021,639.462539,3913.3326,4969.796849,33.04751
19/04/2021,638.39529,3928.29673,5029.84287,33.28923
20/04/2021,646.961099,3946.618509,5031.677179,33.3588
21/04/2021,658.0275,3963.658159,5066.03743,33.622369
22/04/2021,658.545049,3968.50599,5039.45337,33.70179
23/04/2021,660.57965,3960.739599,5025.40412,33.596829
24/04/2021,662.26439,3970.84106,5038.220879,33.682519
25/04/2021,662.26439,3970.84106,5038.220879,33.682519
26/04/2021,664.476729,3983.00689,5057.87726,33.682519
27/04/2021,670.751459,4010.54246,5093.093149,33.747869
28/04/2021,683.13058,4071.697689,5170.24336,34.139589
29/04/2021,685.14972,4061.63135,5160.39735,33.964379
30/04/2021,691.98039,4071.59776,5141.610069,33.972819
01/05/2021,697.059039,4101.480419,5179.34587,34.22216
02/05/2021,697.059039,4101.480419,5179.34587,34.22216
03/05/2021,692.233939,4110.04395,5210.015019,34.34156
04/05/2021,705.728439,4187.218859,5300.181849,34.957399
05/05/2021,703.012889,4195.980719,5330.174119,35.085619
06/05/2021,714.04596,4233.65987,5343.252169,35.267549
07/05/2021,718.5211,4210.42543,5313.241369,35.00994
08/05/2021,711.90372,4171.64857,5264.307869,34.68751
09/05/2021,711.90372,4171.64857,5264.307869,34.68751
10/05/2021,721.17561,4186.49099,5325.306209,34.63327
11/05/2021,711.38813,4118.55875,5255.525609,34.248539
12/05/2021,706.758019,4075.272359,5221.141679,33.86247
13/05/2021,713.334089,4120.14785,5245.649629,34.079489
14/05/2021,705.95731,4129.93242,5252.87881,34.07137
15/05/2021,697.388699,4079.805019,5189.121559,33.657829
16/05/2021,697.388699,4079.805019,5189.121559,33.657829
17/05/2021,697.388699,4086.59565,5200.90664,33.7349
18/05/2021,698.89742,4105.272539,5234.42049,33.824759
19/05/2021,695.24552,4059.677949,5172.140949,33.66863
20/05/2021,697.26219,4092.75394,5214.64656,33.838639
21/05/2021,703.523689,4143.82585,5270.85959,34.158509
22/05/2021,706.665529,4162.33158,5294.398489,34.311059
23/05/2021,706.665529,4162.33158,5294.398489,34.311059
24/05/2021,705.039509,4171.15599,5293.650849,34.380479
25/05/2021,705.117309,4184.60336,5301.55791,34.43815
26/05/2021,702.9772,4168.519129,5276.640159,34.263519
27/05/2021,704.97008,4175,5319.173109,34.15805
28/05/2021,705.812649,4143.815969,5288.12326,33.912509
29/05/2021,703.211999,4128.547609,5268.63856,33.78755
30/05/2021,703.211999,4128.547609,5268.63856,33.78755
31/05/2021,710.731909,4131.761559,5282.01357,33.96672
01/06/2021,710.16132,4150.223409,5266.03787,33.96672
02/06/2021,711.09432,4086.576129,5201.244039,33.49799
03/06/2021,712.219389,4027.74521,5140.7281,33.06363
04/06/2021,715.175979,4066.952069,5184.012929,33.401
05/06/2021,705.748919,4013.34371,5115.68008,32.960729
06/06/2021,705.748919,4013.34371,5115.68008,32.960729
07/06/2021,705.748919,4019.60129,5114.236399,33.027079
08/06/2021,712.42178,4028.57461,5107.73984,32.984819
09/06/2021,712.552739,4016.054479,5082.0959,32.82697
10/06/2021,710.196519,4005.816029,5075.80594,32.743949
11/06/2021,709.052119,3994.947689,5071.39522,32.709429
12/06/2021,716.194269,4035.18807,5122.478449,33.038899
13/06/2021,716.194269,4035.18807,5122.478449,33.038899
14/06/2021,716.194269,4033.841359,5120.665439,32.97281
15/06/2021,708.428409,4036.53567,5109.062179,32.94285
16/06/2021,726.0655,4109.201149,5209.839509,33.597279
17/06/2021,735.156669,4033.3989,5149.43836,33.486609
18/06/2021,740.859529,4042.971709,5151.00536,33.845489
19/06/2021,745.490829,4068.245359,5183.205609,34.057059
20/06/2021,745.490829,4068.245359,5183.205609,34.057059
21/06/2021,746.157659,4087.738209,5219.992559,34.069429
22/06/2021,746.139329,4083.0943,5230.871549,33.945259
23/06/2021,754.295219,4128.34078,5287.255089,34.16185
24/06/2021,762.044309,4106.562899,5243.49096,34.044119
25/06/2021,765.226999,4115.653309,5246.819059,34.040709
26/06/2021,758.870319,4081.464899,5203.234139,33.757939
27/06/2021,758.870319,4081.464899,5203.234139,33.757939
28/06/2021,759.965439,4068.142739,5193.51267,33.803719
29/06/2021,751.440879,4033.42385,5137.54201,33.60638
30/06/2021,759.78278,4064.780349,5190.59093,33.85302
01/07/2021,749.460169,4055.501459,5166.1827,33.6128
02/07/2021,754.366719,4089.16928,5204.945649,33.9221
03/07/2021,754.694389,4090.94552,5207.206559,33.93683
04/07/2021,754.694389,4090.94552,5207.206559,33.93683
05/07/2021,754.694389,4097.15804,5228.736429,34.050029
06/07/2021,751.12255,4090.059549,5217.0272,34.16707
07/07/2021,732.44447,4088.05663,5211.96806,34.185369
08/07/2021,729.180839,4175.57185,5250.887279,34.829459
09/07/2021,732.291129,4209.53318,5327.496449,34.96603
10/07/2021,728.297289,4186.574829,5298.440849,34.775329
11/07/2021,728.297289,4186.574829,5298.440849,34.775329
12/07/2021,731.23162,4187.03258,5321.800559,34.73118
13/07/2021,732.11954,4175.215629,5295.203569,34.6698
14/07/2021,739.287919,4178.23998,5307.075579,34.76742
15/07/2021,746.170929,4136.504299,5264.01026,34.50345
16/07/2021,746.964339,4144.34773,5254.231149,34.5996
17/07/2021,746.84472,4143.68403,5253.38972,34.59405
18/07/2021,746.84472,4143.68403,5253.38972,34.59405
19/07/2021,747.70982,4149.1012,5206.92651,34.824979
20/07/2021,754.48512,4165.369599,5231.819349,34.961509
21/07/2021,739.430839,4182.596859,5256.03006,34.834749
22/07/2021,734.275369,4199.17229,5305.030109,35.013429
23/07/2021,744.02755,4200.369319,5318.479239,34.97838
24/07/2021,745.48603,4208.603079,5328.90477,35.046939
25/07/2021,745.48603,4208.603079,5328.90477,35.046939
26/07/2021,749.480599,4229.27627,5356.025849,35.129559
27/07/2021,752.872319,4271.05349,5420.94004,35.560339
28/07/2021,758.471239,4287.18818,5435.33747,35.59351
29/07/2021,757.39601,4307.99293,5454.4672,35.60383
30/07/2021,757.153279,4234.57675,5335.662669,34.96719
31/07/2021,763.256759,4268.712059,5378.67392,35.24906
01/08/2021,763.256759,4268.712059,5378.67392,35.24906
02/08/2021,755.297789,4278.62831,5376.353199,35.40393
03/08/2021,752.430259,4275.95132,5371.829759,35.48572
04/08/2021,746.04254,4317.72947,5444.5864,35.72749
05/08/2021,750.95708,4314.317219,5450.48016,35.66156
06/08/2021,759.985609,4275.978559,5423.5113,35.452899
07/08/2021,767.471189,4318.095339,5476.930839,35.8021
08/08/2021,767.471189,4318.095339,5476.930839,35.8021
09/08/2021,753.631399,4295.55144,5469.822049,35.815089
10/08/2021,755.812229,4323.79661,5523.75395,36.08314
11/08/2021,762.253159,4319.76554,5519.9826,36.032589
12/08/2021,759.59582,4278.13515,5466.20999,35.802329
13/08/2021,742.58668,4243.5262,5385.924189,35.385249
14/08/2021,731.731769,4181.49563,5307.1944,34.868
15/08/2021,731.731769,4181.49563,5307.1944,34.868
16/08/2021,731.731769,4204.44566,5309.87557,35.098039
17/08/2021,730.01639,4188.812329,5262.7635,34.95391
18/08/2021,735.732889,4215.791189,5322.54531,35.205759
19/08/2021,728.29174,4206.700069,5275.735169,35.195779
20/08/2021,715.487129,4223.229459,5278.05813,35.30449
21/08/2021,715.27854,4221.998249,5276.519409,35.29419
22/08/2021,715.27854,4221.998249,5276.519409,35.29419
23/08/2021,714.03958,4244.194959,5316.818889,35.31349
24/08/2021,720.51602,4242.327519,5311.16683,35.263759
25/08/2021,728.5054,4223.40332,5303.90599,35.082479
26/08/2021,736.773479,4210.28322,5302.06187,35.127139
27/08/2021,738.334309,4238.00503,5320.48552,35.19979
28/08/2021,731.383169,4198.10577,5270.395089,34.8684
29/08/2021,731.383169,4198.10577,5270.395089,34.8684
30/08/2021,734.592089,4186.188439,5275.76288,34.89061
31/08/2021,732.851419,4156.425369,5240.156549,34.65832
01/09/2021,733.855749,4128.19951,5203.591199,34.31221
02/09/2021,727.80686,4106.0059,5193.06588,34.133319
03/09/2021,730.89562,4139.767869,5245.55129,34.48107
04/09/2021,732.67219,4149.83028,5258.301489,34.56488
05/09/2021,732.67219,4149.83028,5258.301489,34.56488
06/09/2021,733.38106,4137.14659,5241.24631,34.50509
07/09/2021,732.134369,4126.78571,5225.70715,34.392369
08/09/2021,736.52326,4134.41769,5238.350959,34.560909
09/09/2021,726.63467,4155.2047,5284.590669,34.7522
10/09/2021,725.06484,4176.35768,5307.22597,34.8727
11/09/2021,726.414729,4184.133039,5317.10673,34.93762
12/09/2021,726.414729,4184.133039,5317.10673,34.93762
13/09/2021,735.70524,4166.865759,5314.804619,34.90901
14/09/2021,734.95132,4171.946039,5313.38305,34.98057
15/09/2021,733.117079,4168.476599,5298.42097,35.055169
16/09/2021,727.669769,4134.63035,5268.285789,34.89336
17/09/2021,726.051569,4100.698089,5249.588179,34.726329
18/09/2021,727.95694,4111.45956,5263.364679,34.817459
19/09/2021,727.95694,4111.45956,5263.364679,34.817459
20/09/2021,720.978579,4125.63853,5233.887689,34.96054
21/09/2021,722.203049,4173.859319,5254.98969,35.274039
22/09/2021,724.72001,4165.785189,5245.977289,35.067689
23/09/2021,726.577859,4158.16525,5271.507099,34.822549
24/09/2021,725.285049,4148.015569,5246.42942,34.65236
25/09/2021,727.02656,4157.97555,5259.026859,34.735559
26/09/2021,727.02656,4157.97555,5259.026859,34.735559
27/09/2021,719.62417,4153.03521,5270.17701,34.647919
28/09/2021,717.741989,4133.451799,5195.378759,34.44543
29/09/2021,708.84501,4116.952419,5158.57283,34.33675
30/09/2021,707.936559,4111.37557,5171.44944,34.373249
01/10/2021,701.03147,4101.075609,5162.87185,34.36475
02/10/2021,695.254459,4067.279759,5120.32603,34.08156
03/10/2021,695.254459,4067.279759,5120.32603,34.08156
04/10/2021,701.48409,4094.142479,5144.904809,34.115389
05/10/2021,698.55898,4078.037479,5158.871729,33.949509
06/10/2021,695.22937,4092.16341,5151.579099,34.13324
07/10/2021,687.595059,4085.891479,5161.19087,33.970309
08/10/2021,684.231139,4071.710729,5145.608159,33.676479
09/10/2021,683.026799,4064.543979,5136.551199,33.61721
10/10/2021,683.026799,4064.543979,5136.551199,33.61721
11/10/2021,683.72126,4064.982719,5132.408819,33.24622
12/10/2021,682.76674,4054.04241,5123.370899,33.15256
13/10/2021,677.81343,4036.79948,5097.79132,32.981729
14/10/2021,671.742029,4034.81698,5098.3163,32.771129
15/10/2021,683.003519,4069.45166,5171.40985,32.92669
16/10/2021,686.131819,4088.090589,5195.09597,33.0775
17/10/2021,686.131819,4088.090589,5195.09597,33.0775
18/10/2021,686.131819,4084.10739,5176.61077,33.028269
19/10/2021,692.149199,4095.63565,5206.41344,33.019599
20/10/2021,678.54453,4096.28099,5204.78099,32.9566
21/10/2021,678.589029,4110.071939,5212.072729,33.115929
22/10/2021,670.595739,4131.14217,5211.49575,33.309559
23/10/2021,670.07816,4127.9537,5207.47345,33.28385
24/10/2021,670.07816,4127.9537,5207.47345,33.28385
25/10/2021,661.935519,4111.790289,5206.339329,33.272129
26/10/2021,673.60766,4097.358979,5199.933409,33.00052
27/10/2021,676.49926,4114.301279,5176.671889,33.196649
28/10/2021,675.735249,4117.361789,5190.845919,33.176409
29/10/2021,671.10374,4122.26357,5163.323099,33.033059
30/10/2021,674.371849,4142.337999,5188.467239,33.19393
31/10/2021,674.371849,4142.337999,5188.467239,33.19393
01/11/2021,674.371849,4156.89806,5176.735469,33.1445
02/11/2021,670.714579,4138.26134,5151.75817,33.261029
03/11/2021,666.576699,4143.754789,5162.44627,33.128959
04/11/2021,677.27385,4204.930419,5179.165079,33.77785
05/11/2021,687.821789,4213.5582,5190.91208,33.91572
06/11/2021,693.964529,4251.18825,5237.27059,34.218609
07/11/2021,693.964529,4251.18825,5237.27059,34.218609
08/11/2021,700.05951,4250.72273,5265.607439,34.29722
09/11/2021,696.573229,4244.068349,5251.37531,34.3111
10/11/2021,705.512179,4231.91791,5224.45653,34.040379
11/11/2021,709.984609,4211.911739,5189.908889,34.00947
12/11/2021,715.476779,4205.512749,5191.84658,34.012459
13/11/2021,717.904549,4219.782959,5209.463639,34.12787
14/11/2021,717.904549,4219.782959,5209.463639,34.12787
15/11/2021,717.904549,4217.494569,5223.8512,34.121879
16/11/2021,717.53362,4188.872129,5219.573809,33.94317
17/11/2021,711.90884,4195.007529,5250.56782,34.042079
18/11/2021,710.70434,4220.704169,5267.916599,34.19926
19/11/2021,710.989109,4255.806169,5308.251119,34.637059
20/11/2021,707.40119,4234.3298,5281.46373,34.462269
21/11/2021,707.40119,4234.3298,5281.46373,34.462269
22/11/2021,705.95019,4212.055819,5258.3149,34.19794
23/11/2021,700.861459,4196.97554,5232.419939,34.03426
24/11/2021,698.73693,4213.620329,5258.634079,34.171089
25/11/2021,708.571779,4242.721239,5288.154569,34.41257
26/11/2021,712.22054,4303.436679,5294.90271,35.087859
27/11/2021,719.153469,4345.3274,5346.444599,35.429409
28/11/2021,719.153469,4345.3274,5346.444599,35.429409
29/11/2021,717.54417,4333.11351,5330.011269,35.27662
30/11/2021,714.816789,4335.257239,5307.32873,35.329689
01/12/2021,712.640359,4354.180709,5334.047279,35.45409
02/12/2021,703.90299,4301.229459,5261.78906,35.000079
03/12/2021,700.25737,4288.239129,5216.31699,34.848329
04/12/2021,700.816479,4291.66304,5220.48192,34.87615
05/12/2021,700.816479,4291.66304,5220.48192,34.87615
06/12/2021,699.73593,4264.3158,5226.79925,34.805439
07/12/2021,693.49932,4259.179259,5221.0672,34.703029
08/12/2021,686.835109,4234.713789,5163.473589,34.297119
09/12/2021,692.509519,4221.89796,5159.958099,34.43621
10/12/2021,701.945709,4231.629769,5159.917989,34.387349
11/12/2021,699.75701,4218.435319,5143.829099,34.280129
12/12/2021,699.75701,4218.435319,5143.829099,34.280129
13/12/2021,695.164949,4211.580539,5144.21787,34.23485
14/12/2021,689.760599,4207.47997,5145.04981,34.18531
15/12/2021,697.26507,4250.523699,5203.14673,34.58451
16/12/2021,698.564449,4329.250289,5320.626009,35.085459
17/12/2021,702.805619,4341.145209,5310.34,35.2312
18/12/2021,702.257839,4337.761629,5306.201009,35.20374
19/12/2021,702.257839,4337.761629,5306.201009,35.20374
20/12/2021,702.307159,4343.88575,5289.00165,35.27826
21/12/2021,701.523249,4326.61621,5296.805819,35.084769
22/12/2021,696.61652,4340.480059,5334.63417,34.96307
23/12/2021,698.96144,4345.336949,5360.52933,34.94807
24/12/2021,702.426889,4357.92629,5362.09623,34.94876
25/12/2021,701.910229,4354.720879,5358.152219,34.92305
26/12/2021,701.910229,4354.720879,5358.152219,34.92305
27/12/2021,706.416579,4352.82258,5360.1493,34.771039
28/12/2021,704.29524,4344.81594,5356.580799,34.7661
29/12/2021,709.5265,4384.581689,5400.595199,34.841619
30/12/2021,710.73428,4404.20315,5431.56563,34.94597
31/12/2021,713.482319,4370.09879,5393.277449,34.57668
01/01/2022,713.482319,4370.09879,5393.277449,34.57668
02/01/2022,713.482319,4370.09879,5393.277449,34.57668
03/01/2022,713.482319,4334.414799,5354.6602,34.534689
04/01/2022,725.138979,4466.903709,5534.16762,35.165799
05/01/2022,719.413419,4463.99606,5541.72885,35.27779
06/01/2022,713.92038,4396.737,5469.313079,34.929229
07/01/2022,708.203589,4391.986509,5483.767249,34.9391
08/01/2022,708.931199,4396.498849,5489.401289,34.975
09/01/2022,708.931199,4396.498849,5489.401289,34.975
10/01/2022,708.931199,4368.946509,5484.54914,35.13913
11/01/2022,712.54163,4370.835579,5502.34036,35.020429
12/01/2022,711.97976,4383.35882,5491.547679,34.935549
13/01/2022,713.97895,4362.245899,5453.301879,34.79169
14/01/2022,715.13396,4332.529059,5406.517439,34.722679
15/01/2022,722.96343,4379.962709,5465.709389,35.102829
16/01/2022,722.96343,4379.962709,5465.709389,35.102829
17/01/2022,721.61791,4369.898229,5452.130979,34.845559
18/01/2022,725.43231,4357.50136,5425.37352,34.8699
19/01/2022,730.59032,4402.7617,5497.886639,35.281399
20/01/2022,728.36171,4378.77296,5468.594909,35.128529
21/01/2022,735.00738,4369.70362,5396.770559,35.026829
22/01/2022,731.96085,4351.59165,5374.401509,34.88165
23/01/2022,731.96085,4351.59165,5374.401509,34.88165
24/01/2022,728.798599,4330.67511,5338.32638,34.79898
25/01/2022,724.44812,4326.672459,5364.46773,34.91187
26/01/2022,725.428899,4329.337669,5388.06551,34.88163
27/01/2022,726.799579,4239.052929,5287.7235,34.20107
28/01/2022,733.011179,4240.90322,5291.324059,34.24835
29/01/2022,740.17767,4282.36559,5343.05616,34.583179
30/01/2022,740.17767,4282.36559,5343.05616,34.583179
31/01/2022,738.2294,4278.22537,5344.250939,34.56817
01/02/2022,736.023369,4272.5726,5326.62823,34.356299
02/02/2022,743.051659,4268.96964,5323.554039,34.30328
03/02/2022,741.84135,4275.661259,5347.25446,34.19263
04/02/2022,745.38561,4271.927349,5348.58266,34.29032
05/02/2022,747.407529,4283.51529,5363.09111,34.383339
06/02/2022,747.407529,4283.51529,5363.09111,34.383339
07/02/2022,743.77416,4293.261099,5363.09111,34.4461
08/02/2022,749.208979,4288.013839,5373.3815,34.2952
09/02/2022,752.549669,4292.96308,5372.734,34.347419
10/02/2022,747.08604,4262.86116,5364.94628,33.977139
11/02/2022,752.039539,4234.032199,5330.098869,33.814509
12/02/2022,751.99539,4233.783629,5329.78596,33.81253
13/02/2022,751.99539,4233.783629,5329.78596,33.81253
14/02/2022,753.644599,4231.04006,5294.13652,33.903239
15/02/2022,756.0403,4251.451689,5327.063019,34.0388
16/02/2022,760.84433,4277.533319,5360.257719,34.19876
17/02/2022,767.805669,4308.85965,5399.37938,34.48212
18/02/2022,766.74489,4294.687659,5370.899029,34.33735
19/02/2022,761.70018,4266.431279,5335.56185,34.111429
20/02/2022,761.70018,4266.431279,5335.56185,34.111429
21/02/2022,765.05366,4291.138539,5344.98725,34.20353
22/02/2022,770.18493,4263.189309,5340.27455,34.13515
23/02/2022,777.077359,4287.39642,5332.72764,34.18883
24/02/2022,780.6191,4216.537379,5197.121739,33.862169
25/02/2022,770.05159,4246.36275,5287.7484,34.096569
26/02/2022,764.27454,4214.505869,5248.07888,33.840769
27/02/2022,764.27454,4214.505869,5248.07888,33.840769
28/02/2022,761.00256,4263.207229,5248.07888,33.958309
01/03/2022,760.932509,4253.540729,5221.78791,34.06463
02/03/2022,759.24729,4228.0234,5195.397189,33.76272
03/03/2022,752.410349,4198.85869,5154.334179,33.410739
04/03/2022,747.284679,4106.445289,4986.27994,32.85513
05/03/2022,754.088319,4143.83233,5031.677419,33.15426
06/03/2022,754.088319,4143.83233,5031.677419,33.15426
07/03/2022,749.94285,4112.046239,5000.467309,32.990459
08/03/2022,754.04069,4105.73858,5000.524529,32.993679
09/03/2022,744.08707,4087.17893,4983.550159,32.704489
10/03/2022,747.969569,4040.14881,4919.43723,32.310729
11/03/2022,749.59906,4059.18301,4955.495399,32.364499
12/03/2022,757.84346,4103.827589,5009.997989,32.72046
13/03/2022,757.84346,4103.827589,5009.997989,32.72046
14/03/2022,761.734559,4090.670079,4995.0702,32.43762
15/03/2022,750.547969,4037.873149,4967.33086,32.16425
16/03/2022,747.750829,4075.377089,5025.12628,32.381489
17/03/2022,746.258839,4093.368269,5036.18724,32.31624
18/03/2022,751.88738,4087.86418,5027.001589,32.027769
19/03/2022,752.722719,4092.40574,5032.586519,32.06336
20/03/2022,752.722719,4092.40574,5032.586519,32.06336
21/03/2022,752.722719,4105.59853,5045.958859,32.071429
22/03/2022,757.994239,4097.672669,5066.97255,31.66738
23/03/2022,765.34896,4040.41845,4975.956329,31.116089
24/03/2022,771.41566,4035.92608,4953.5055,30.782029
25/03/2022,790.43299,4081.76641,5012.648549,31.14618
26/03/2022,787.678149,4067.540559,4995.178369,31.03763
27/03/2022,787.678149,4067.540559,4995.178369,31.03763
28/03/2022,792.37692,4048.40124,4954.293239,30.645669
29/03/2022,790.350519,4065.39948,4973.652659,30.85581
30/03/2022,793.16764,4084.112349,4962.028889,30.86852
31/03/2022,789.23374,4073.633299,4935.938729,30.88455
01/04/2022,792.87976,4056.187899,4924.155329,30.576599
02/04/2022,796.839899,4076.447079,4948.749689,30.72932
03/04/2022,796.839899,4076.447079,4948.749689,30.72932
04/04/2022,803.522919,4083.06111,4951.769519,30.761869
05/04/2022,802.908869,3994.127779,4868.337429,30.06935
06/04/2022,802.644729,3993.340479,4875.185859,30.09609
07/04/2022,797.79178,4015.12163,4896.313909,30.23573
08/04/2022,795.47621,4037.06518,4907.528009,30.32261
09/04/2022,796.653019,4043.03756,4914.78815,30.36747
10/04/2022,796.653019,4043.03756,4914.78815,30.36747
11/04/2022,795.127029,4058.67626,4927.2536,30.096479
12/04/2022,796.307869,4028.144159,4882.38464,29.914979
13/04/2022,803.989059,3999.03681,4873.030469,29.724759
14/04/2022,804.12246,3964.90558,4876.45513,29.68718
15/04/2022,804.12246,3964.90558,4876.45513,29.68718
16/04/2022,804.12246,3964.90558,4876.45513,29.68718
17/04/2022,804.12246,3964.90558,4876.45513,29.68718
18/04/2022,798.48734,3961.963319,4866.36437,29.511369
19/04/2022,798.311929,3931.419229,4848.09108,28.965299
20/04/2022,804.974489,3969.403929,4901.38425,29.416109
21/04/2022,810.21103,3948.991379,4898.64854,29.252469
22/04/2022,810.40287,3925.59256,4829.12913,29.268499
23/04/2022,823.235109,3987.7519,4905.595409,29.73195
24/04/2022,823.235109,3987.7519,4905.595409,29.73195
25/04/2022,807.07311,3984.423569,4856.32941,29.86681
26/04/2022,805.48635,4096.415909,4963.035399,30.922059
27/04/2022,794.931529,4070.980709,4937.300839,30.766339
28/04/2022,790.917239,4084.126,4936.13954,30.28488
29/04/2022,795.299769,4105.89386,5003.67568,30.760919
30/04/2022,791.607449,4086.831529,4980.44523,30.61811
01/05/2022,791.607449,4086.831529,4980.44523,30.61811
02/05/2022,806.398289,4058.810879,4966.95992,30.45822
03/05/2022,796.671299,4094.141099,5010.29279,30.824239
04/05/2022,800.689769,4087.87786,5022.03153,30.90443
05/05/2022,809.87282,4118.18274,5020.21301,31.14804
06/05/2022,816.48116,4149.14703,5048.35184,31.337369
07/05/2022,810.05694,4116.500809,5008.630509,31.0908
08/05/2022,810.05694,4116.500809,5008.630509,31.0908
09/05/2022,798.898389,4068.985239,4989.98243,31.06697
10/05/2022,795.916929,4112.905169,5031.61344,31.378229
11/05/2022,795.327329,4125.489599,5043.817479,31.371069
12/05/2022,796.346459,4087.268349,4990.231359,31.852609
13/05/2022,798.37399,4101.91635,5023.29853,31.769549
14/05/2022,798.533289,4102.7348,5024.300809,31.77589
15/05/2022,798.533289,4102.7348,5024.300809,31.77589
16/05/2022,804.897289,4091.70814,5037.454509,31.852219
17/05/2022,803.444529,4100.181319,5076.82282,31.491289
18/05/2022,812.130049,4077.47902,5008.024769,31.401599
19/05/2022,817.71266,4171.08322,5065.5492,31.8316
20/05/2022,823.483489,4154.322629,5051.042269,31.6475
21/05/2022,811.07497,4091.723919,4974.931489,31.170619
22/05/2022,811.07497,4091.723919,4974.931489,31.170619
23/05/2022,818.07631,4132.836129,5017.223799,31.25364
24/05/2022,823.55577,4117.521359,4948.603439,31.220649
25/05/2022,825.629929,4126.433909,4983.16214,31.18643
26/05/2022,818.780629,4121.86361,4978.90128,31.097709
27/05/2022,819.60134,4108.80108,4959.603909,30.9251
28/05/2022,815.733609,4089.411509,4936.19937,30.77916
29/05/2022,815.733609,4089.411509,4936.19937,30.77916
30/05/2022,815.733609,4089.411509,4936.19937,30.77916
31/05/2022,824.900899,4082.15776,4931.50457,30.415449
01/06/2022,798.705659,3919.991689,4720.27234,29.068039
02/06/2022,793.93203,3949.729159,4757.117,29.20542
03/06/2022,790.629369,3934.081689,4740.308949,28.95708
04/06/2022,787.840739,3920.205789,4723.589409,28.854939
05/06/2022,787.840739,3920.205789,4723.589409,28.854939
06/06/2022,786.57559,3904.7831,4736.790109,28.720909
07/06/2022,794.32609,3907.74452,4781.290799,28.684129
08/06/2022,775.18352,3892.073919,4759.070749,28.328199
09/06/2022,776.645099,3863.394949,4744.577889,28.171959
10/06/2022,783.19338,3879.11353,4731.87489,28.56012
11/06/2022,799.368669,3959.2289,4829.60234,29.149969
12/06/2022,799.368669,3959.2289,4829.60234,29.149969
13/06/2022,785.171579,3924.676489,4747.83088,29.22837
14/06/2022,787.132299,4016.09839,4822.611549,29.838049
15/06/2022,777.252569,3976.119099,4802.61717,29.572679
16/06/2022,767.70293,4048.65868,4817.445689,29.603619
17/06/2022,765.39236,4024.84567,4766.17234,28.9189
18/06/2022,764.00328,4017.54115,4757.522409,28.86642
19/06/2022,764.00328,4017.54115,4757.522409,28.86642
20/06/2022,764.00328,4040.40351,4786.81029,28.93701
21/06/2022,761.11446,4053.404599,4797.744429,28.688279
22/06/2022,782.59483,4199.520279,4957.54121,29.64676
23/06/2022,781.802999,4203.925659,4942.955949,29.94808
24/06/2022,785.06376,4261.809989,5001.307499,30.0943
25/06/2022,796.85685,4325.8301,5076.4362,30.546369
26/06/2022,796.85685,4325.8301,5076.4362,30.546369
27/06/2022,796.85685,4319.495859,5081.80503,30.550889
28/06/2022,789.22756,4312.27941,5038.854379,30.31097
29/06/2022,783.87671,4293.218549,4958.376519,29.891239
30/06/2022,789.76503,4312.02465,5013.6378,30.384789
01/07/2022,792.60892,4310.258539,4984.77296,30.726939
02/07/2022,801.689759,4359.640739,5041.883009,31.07897
03/07/2022,801.689759,4359.640739,5041.883009,31.07897
04/07/2022,801.689759,4368.25842,5088.06948,30.934719
05/07/2022,790.19308,4328.628859,5003.6742,30.875569
06/07/2022,790.429179,4391.15555,5074.345229,31.40331
07/07/2022,800.6407,4470.73095,5218.850859,31.992049
08/07/2022,814.725729,4476.69296,5255.875159,32.11833
09/07/2022,818.18808,4495.717649,5278.21115,32.254829
10/07/2022,818.18808,4495.717649,5278.21115,32.254829
11/07/2022,826.727579,4479.654959,5216.33654,31.930939
12/07/2022,844.061259,4600.693169,5366.74124,33.028019
13/07/2022,855.13175,4736.88197,5530.277439,33.73521
14/07/2022,844.286579,4626.052969,5372.117729,32.74696
15/07/2022,828.351229,4618.013689,5357.141139,32.61636
16/07/2022,805.62112,4491.29457,5210.140229,31.72136
17/07/2022,805.62112,4491.29457,5210.140229,31.72136
18/07/2022,813.88498,4514.3576,5286.6242,31.850079
19/07/2022,804.0787,4456.686969,5193.59593,31.305109
20/07/2022,801.82973,4435.518439,5163.577659,31.167809
21/07/2022,798.42294,4439.636849,5142.921629,31.22435
22/07/2022,805.593299,4590.54855,5311.57261,32.42034
23/07/2022,808.09951,4604.82981,5328.09698,32.5212
24/07/2022,808.09951,4604.82981,5328.09698,32.5212
25/07/2022,811.47919,4585.73649,5329.42414,32.361809
26/07/2022,824.121679,4637.386959,5375.817979,32.669179
27/07/2022,829.26196,4610.04978,5348.680529,32.38387
28/07/2022,833.03497,4623.24827,5363.253899,32.8607
29/07/2022,839.1366,4595.15858,5325.433219,32.74347
30/07/2022,824.7128,4516.173069,5233.895129,32.180639
31/07/2022,824.7128,4516.173069,5233.895129,32.180639
01/08/2022,828.92555,4529.015269,5282.488519,32.624989
02/08/2022,822.866269,4452.1233,5189.02437,32.230069
03/08/2022,824.36022,4473.913489,5226.42561,32.100169
04/08/2022,819.67259,4525.284709,5246.32199,32.535679
05/08/2022,814.514429,4431.8347,5148.423459,31.539929
06/08/2022,820.8327,4503.45758,5231.627129,32.049649
07/08/2022,820.8327,4503.45758,5231.627129,32.049649
08/08/2022,831.549679,4549.75348,5257.21708,32.197159
09/08/2022,840.55541,4523.30392,5207.27181,31.920919
10/08/2022,841.4405,4584.77659,5285.83478,32.62198
11/08/2022,846.451839,4550.97433,5225.59971,32.23821
12/08/2022,827.73224,4481.99343,5128.517399,31.651199
13/08/2022,818.7418,4433.312139,5072.813879,31.30742
14/08/2022,818.7418,4433.312139,5072.813879,31.30742
15/08/2022,818.7418,4435.191259,5056.90901,31.476939
16/08/2022,820.41084,4403.46133,5062.768699,31.14899
17/08/2022,821.771139,4426.062319,5081.581,31.144179
18/08/2022,833.63332,4523.65332,5182.353879,31.928909
19/08/2022,852.63971,4602.08528,5210.56173,32.19445
20/08/2022,850.01062,4587.8949,5194.495119,32.095179
21/08/2022,850.01062,4587.8949,5194.495119,32.095179
22/08/2022,846.93484,4568.840199,5189.21482,32.0788
23/08/2022,850.85198,4571.98087,5214.764259,32.292149
24/08/2022,857.33184,4532.16949,5171.912229,31.988659
25/08/2022,858.12044,4545.18003,5180.45071,32.04704
26/08/2022,861.482979,4577.31048,5198.73623,32.11621
27/08/2022,857.58789,4556.614739,5175.230779,31.971
28/08/2022,857.58789,4556.614739,5175.230779,31.971
29/08/2022,862.137249,4526.531869,5131.789389,31.6322
30/08/2022,869.86692,4495.367419,5102.385019,31.57306
31/08/2022,869.407829,4509.284679,5120.9062,31.74489
01/09/2022,854.08041,4491.94596,5099.011529,31.59121
02/09/2022,859.027709,4561.917889,5175.500949,31.902789
03/09/2022,858.97001,4561.611509,5175.153369,31.900649
04/09/2022,858.97001,4561.611509,5175.153369,31.900649
05/09/2022,861.106179,4551.84958,5140.759549,31.78488
06/09/2022,864.30534,4540.28257,5150.58636,31.301539
07/09/2022,857.895129,4562.684589,5137.77868,31.00844
08/09/2022,851.434259,4568.803939,5109.31227,30.88607
09/09/2022,843.10149,4573.21614,5093.125689,30.869119
10/09/2022,837.08604,4540.58664,5056.78668,30.648879
11/09/2022,837.08604,4540.58664,5056.78668,30.648879
12/09/2022,845.5498,4588.79428,5110.91665,30.663949
13/09/2022,849.38742,4524.261029,5018.94228,30.14082
14/09/2022,852.299759,4598.281069,5112.167389,30.950769
15/09/2022,847.97558,4569.85217,5045.19714,30.6016
16/09/2022,843.71995,4578.627849,5036.705839,30.818909
17/09/2022,849.696379,4611.06029,5072.383039,31.03722
18/09/2022,849.696379,4611.06029,5072.383039,31.03722
19/09/2022,838.913679,4598.154859,5060.849849,30.9614
20/09/2022,843.20582,4576.19195,5040.289569,30.72021
21/09/2022,855.022339,4581.17939,5010.058689,30.673649
22/09/2022,852.033429,4485.45528,4960.46284,30.995349
23/09/2022,847.632129,4462.35354,4776.1719,30.57025
24/09/2022,856.664269,4509.903199,4827.065529,30.896
25/09/2022,856.664269,4509.903199,4827.065529,30.896
26/09/2022,847.15507,4467.571649,4777.489069,30.666959
27/09/2022,839.899509,4544.2502,4846.406119,31.07372
28/09/2022,851.635449,4643.248749,4897.69585,31.51705
29/09/2022,837.30312,4574.77569,4952.23567,31.0343
30/09/2022,840.67334,4605.29417,5060.05615,31.31396
01/10/2022,851.519189,4664.70887,5125.33791,31.717949
02/10/2022,851.519189,4664.70887,5125.33791,31.717949
03/10/2022,849.156489,4634.56839,5179.04722,31.77943
04/10/2022,874.232629,4633.228,5184.32523,31.470919
05/10/2022,872.432639,4550.263789,5043.538599,30.982649
06/10/2022,872.47113,4599.019309,5093.39213,31.399799
07/10/2022,889.890769,4666.340619,5153.306489,31.888159
08/10/2022,885.598629,4643.833819,5128.450939,31.734349
09/10/2022,885.598629,4643.833819,5128.450939,31.734349
10/10/2022,881.986009,4606.211239,5088.845449,31.60152
11/10/2022,886.74111,4618.68418,5106.34555,31.60369
12/10/2022,885.86081,4619.27083,5107.19591,31.407509
13/10/2022,885.72635,4593.26626,5181.582959,31.29193
14/10/2022,871.475729,4605.04385,5200.02436,31.141079
15/10/2022,874.69204,4622.039469,5219.215839,31.256009
16/10/2022,874.69204,4622.039469,5219.215839,31.256009
17/10/2022,874.69204,4653.582889,5301.28773,31.178249
18/10/2022,877.888209,4661.53614,5249.355239,31.102959
19/10/2022,900.351099,4726.551749,5342.263439,31.688189
20/10/2022,911.914319,4812.202669,5452.607909,32.19288
21/10/2022,936.457729,4860.710369,5456.1264,32.576509
22/10/2022,941.774959,4888.309619,5487.106429,32.761479
23/10/2022,941.774959,4888.309619,5487.106429,32.761479
24/10/2022,946.4373,4910.293819,5559.822379,33.03018
25/10/2022,942.19348,4989.89756,5695.895919,33.619349
26/10/2022,932.116409,5011.789719,5742.811279,33.750349
27/10/2022,919.44141,4946.23623,5670.214399,33.52938
28/10/2022,909.847719,4840.313189,5590.534039,32.69319
29/10/2022,909.375999,4837.803649,5587.63554,32.67624
30/10/2022,909.375999,4837.803649,5587.63554,32.67624
31/10/2022,901.685709,4816.53008,5550.044069,32.427799
01/11/2022,931.957229,4902.171519,5615.425659,33.07724
02/11/2022,966.244609,4981.557859,5704.50247,33.81987
03/11/2022,974.06299,4950.98213,5608.712279,33.851919
04/11/2022,985.14305,5068.15631,5706.45816,34.35454
05/11/2022,985.76436,5071.3527,5710.05712,34.37621
06/11/2022,985.76436,5071.3527,5710.05712,34.37621
07/11/2022,985.76436,5115.433589,5802.67726,34.5593
08/11/2022,1005.1257,5139.327779,5853.795479,34.789729
09/11/2022,968.958979,5095.23325,5705.52292,34.2736
10/11/2022,952.03881,5081.90466,5740.87275,34.715749
11/11/2022,905.81439,5082.02389,5661.069849,34.563609
12/11/2022,905.81439,5082.02389,5661.069849,34.563609
13/11/2022,905.81439,5082.02389,5661.069849,34.563609
14/11/2022,905.81439,5083.098879,5639.923139,34.231259
15/11/2022,906.03638,5086.326589,5718.74269,34.521399
16/11/2022,905.74075,5093.962859,5710.86087,34.45819
17/11/2022,925.35433,5156.279449,5799.432869,35.02205
18/11/2022,918.961,5282.45503,5990.77958,35.90498
19/11/2022,913.94353,5253.613119,5958.07026,35.708939
20/11/2022,913.94353,5253.613119,5958.07026,35.708939
21/11/2022,934.078279,5209.230279,5887.64626,35.193129
22/11/2022,931.10622,5206.783569,5891.59464,35.081499
23/11/2022,921.444499,5215.814049,5930.625509,35.172769
24/11/2022,904.218899,5167.89613,5920.32992,35.24074
25/11/2022,917.50747,5152.06043,5897.90073,35.020539
26/11/2022,918.542419,5157.87193,5904.55353,35.06004
27/11/2022,918.542419,5157.87193,5904.55353,35.06004
28/11/2022,912.378969,5166.0599,5877.70578,35.17372
29/11/2022,899.890309,5088.940279,5809.688119,34.99819
30/11/2022,906.25777,5048.82427,5728.607359,34.471829
01/12/2022,909.71757,5128.42385,5908.24737,35.432189
02/12/2022,920.07623,5079.243269,5839.0555,35.28023
03/12/2022,917.790989,5066.62769,5824.55274,35.192599
04/12/2022,917.790989,5066.62769,5824.55274,35.192599
05/12/2022,917.33181,5081.750339,5825.98289,34.983409
06/12/2022,917.393289,5120.63204,5883.12232,35.219329
07/12/2022,919.702229,5131.87772,5876.9049,35.24998
08/12/2022,921.13571,5155.2505,5897.64684,35.359239
09/12/2022,921.13571,5174.043099,5933.357979,35.33335
10/12/2022,919.257489,5163.49308,5921.259699,35.26131
11/12/2022,919.257489,5163.49308,5921.259699,35.26131
12/12/2022,919.257489,5144.189269,5901.99574,35.05087
13/12/2022,911.46626,5221.0299,5996.453969,35.78423
14/12/2022,909.855109,5188.48944,5945.380049,35.540489
15/12/2022,894.80898,5146.79017,5839.058159,34.74607
16/12/2022,902.085479,5145.360929,5829.8184,35.104419
17/12/2022,903.11224,5151.21741,5836.45394,35.144379
18/12/2022,903.11224,5151.21741,5836.45394,35.144379
19/12/2022,909.543369,5145.698059,5826.848979,35.05971
20/12/2022,899.514609,5164.48476,5804.95204,36.38721
21/12/2022,909.80523,5148.753099,5776.56404,36.136459
22/12/2022,915.259969,5118.39191,5728.72908,36.007559
23/12/2022,917.88489,5100.83574,5742.723839,35.839869
24/12/2022,914.88286,5084.153,5723.941749,35.72265
25/12/2022,914.88286,5084.153,5723.941749,35.72265
26/12/2022,922.459609,5084.153,5723.941749,35.72265
27/12/2022,914.86522,5109.885839,5703.53808,35.588679
28/12/2022,902.36247,5135.552679,5737.821229,35.51762
29/12/2022,903.834619,5161.83255,5745.79315,35.77749
30/12/2022,922.00647,5200.216209,5787.151619,36.460239
31/12/2022,922.00647,5200.216209,5787.151619,36.460239
01/01/2023,922.00647,5200.216209,5787.151619,36.460239
02/01/2023,922.00647,5200.216209,5787.151619,36.460239
03/01/2023,900.28074,5127.598329,5776.56918,36.792099
04/01/2023,900.835299,5210.653169,5832.502169,36.680999
05/01/2023,904.26606,5252.82696,5852.173999,36.7847
06/01/2023,923.654199,5359.952729,6011.94494,37.685639
07/01/2023,904.416879,5248.31883,5886.73173,36.90075
08/01/2023,904.416879,5248.31883,5886.73173,36.90075
09/01/2023,904.416879,5320.33104,5957.5738,37.04063
10/01/2023,924.456469,5294.386639,5935.588329,36.964959
11/01/2023,917.72127,5165.287919,5830.47969,36.2665
12/01/2023,912.93497,5113.10433,5773.274929,36.583509
13/01/2023,912.954809,5066.4507,5732.26526,36.80031
14/01/2023,913.33424,5068.556309,5734.647579,36.8156
15/01/2023,913.33424,5068.556309,5734.647579,36.8156
16/01/2023,917.870549,5069.10367,5730.892389,36.52626
17/01/2023,918.427279,5099.94567,5765.15851,36.631729
18/01/2023,916.282199,5138.66798,5814.13694,36.5435
19/01/2023,923.84928,5129.439349,5813.440649,36.610889
20/01/2023,898.356279,5087.27055,5794.39083,36.054569
21/01/2023,888.34247,5030.563699,5729.80184,35.652679
22/01/2023,888.34247,5030.563699,5729.80184,35.652679
23/01/2023,891.042699,5020.20377,5731.191329,35.461599
24/01/2023,876.61221,4930.68255,5605.491329,34.98631
25/01/2023,879.46217,4940.702089,5619.69102,35.079399
26/01/2023,889.354569,4923.96398,5609.18497,34.796909
27/01/2023,889.53773,4910.33698,5601.243,34.870339
28/01/2023,892.82559,4928.486289,5621.945999,34.999229
29/01/2023,892.82559,4928.486289,5621.945999,34.999229
30/01/2023,896.061929,4929.02037,5632.407549,34.899859
31/01/2023,909.112309,5042.67363,5703.627859,35.624079
01/02/2023,911.7422,5085.548619,5730.91736,35.969509
02/02/2023,914.72739,5100.648699,5704.62748,36.135219
03/02/2023,918.817509,4969.58265,5551.298389,34.99038
04/02/2023,935.913409,5062.04878,5654.58816,35.641419
05/02/2023,935.913409,5062.04878,5654.58816,35.641419
06/02/2023,915.2046,5032.04741,5610.69261,35.153109
07/02/2023,922.82203,5173.020679,5737.231499,36.39602
08/02/2023,923.98576,5186.78323,5769.395919,36.335889
09/02/2023,916.74995,5190.26115,5806.338399,36.4361
10/02/2023,906.545709,5132.64422,5727.92219,36.11889
11/02/2023,913.366719,5171.263119,5771.020059,36.390659
12/02/2023,913.366719,5171.263119,5771.020059,36.390659
13/02/2023,909.69725,5186.982949,5799.208669,35.9823
14/02/2023,929.73296,5226.268979,5859.44192,36.284779
15/02/2023,928.76643,5168.835089,5741.80129,35.62138
16/02/2023,933.86679,5269.215809,5860.717529,36.35323
17/02/2023,947.30286,5354.53369,5960.09263,36.97386
18/02/2023,938.26345,5303.439349,5903.21989,36.621049
19/02/2023,938.26345,5303.439349,5903.21989,36.621049
20/02/2023,945.84086,5328.718439,5918.4686,36.697549
21/02/2023,945.84086,5314.32584,5972.576939,36.51774
22/02/2023,951.8767,5324.65311,5974.05824,36.78081
23/02/2023,952.151799,5276.877739,5922.696759,36.526809
24/02/2023,945.73688,5165.371919,5796.52738,35.5936
25/02/2023,944.90881,5160.849199,5791.45203,35.56244
26/02/2023,944.90881,5160.849199,5791.45203,35.56244
27/02/2023,936.497049,5175.720379,5833.15902,35.635599
28/02/2023,925.460979,5130.87183,5822.17672,35.30205
01/03/2023,924.51029,5125.75596,5781.264689,35.369259
02/03/2023,931.31146,5151.69995,5797.686239,35.475409
03/03/2023,932.486459,5169.626309,5816.798749,35.620809
04/03/2023,918.0954,5089.843499,5727.028129,35.07108
05/03/2023,918.0954,5089.843499,5727.028129,35.07108
06/03/2023,918.85414,5129.710299,5752.366839,35.174289
07/03/2023,911.096139,5035.0101,5622.59719,34.61339
08/03/2023,914.336639,5046.745369,5618.0208,34.6625
09/03/2023,925.554189,5076.961669,5665.334359,34.885489
10/03/2023,924.80768,5166.0248,5747.24268,35.35296
11/03/2023,924.716139,5165.513479,5746.67384,35.34946
12/03/2023,924.716139,5165.513479,5746.67384,35.34946
13/03/2023,916.3463,5207.43584,5773.738239,35.66543
14/03/2023,910.36378,5222.555559,5794.78142,35.518349
15/03/2023,904.582089,5125.01893,5698.864889,35.662869
16/03/2023,912.79093,5201.710409,5857.73681,36.36542
17/03/2023,920.18681,5240.6849,5908.9043,36.864629
18/03/2023,912.19793,5195.1863,5857.604349,36.54457
19/03/2023,912.19793,5195.1863,5857.604349,36.54457
20/03/2023,912.19793,5205.83791,5913.565649,36.65843
21/03/2023,915.88669,5223.876549,5884.620149,36.475499
22/03/2023,916.184819,5202.263119,5877.08795,36.21506
23/03/2023,907.27745,5223.195529,5886.05331,36.46426
24/03/2023,903.56857,5180.998029,5815.51176,36.40422
25/03/2023,901.029899,5166.44149,5799.17248,36.30194
26/03/2023,901.029899,5166.44149,5799.17248,36.30194
27/03/2023,896.108849,5174.33435,5820.5104,36.05901
28/03/2023,896.1434,5089.95438,5778.86139,35.790979
29/03/2023,900.649559,5067.758069,5736.36812,35.16333
30/03/2023,898.795809,5068.59802,5730.39422,34.867609
31/03/2023,902.91718,5065.98423,5722.544799,34.7732
01/04/2023,906.58757,5086.57762,5745.80713,34.914549
02/04/2023,906.58757,5086.57762,5745.80713,34.914549
03/04/2023,914.61868,5091.036589,5760.674589,35.11245
04/04/2023,909.126809,5073.85361,5762.035399,34.92412
05/04/2023,903.79659,5071.09219,5713.035869,35.055089
06/04/2023,900.56545,5055.757099,5685.297849,34.68854
07/04/2023,900.56545,5055.757099,5685.297849,34.68854
08/04/2023,900.56545,5055.757099,5685.297849,34.68854
09/04/2023,900.56545,5055.757099,5685.297849,34.68854
10/04/2023,906.189399,5017.46432,5650.558939,34.154589
11/04/2023,897.977489,5050.614139,5676.088859,34.183939
12/04/2023,901.15318,5034.84561,5631.94804,33.889249
13/04/2023,900.96383,5017.85955,5579.38403,33.677259
14/04/2023,901.18759,4950.229379,5506.13529,33.153619
15/04/2023,901.44221,4951.62806,5507.691039,33.16299
16/04/2023,901.44221,4951.62806,5507.691039,33.16299
17/04/2023,894.91597,4925.7235,5472.28888,32.894289
18/04/2023,896.782349,4936.99866,5508.292349,33.085329
19/04/2023,900.52142,4979.48346,5569.866759,33.232309
20/04/2023,898.20455,5072.101609,5646.50129,33.81401
21/04/2023,898.334349,5076.418569,5624.82077,33.74334
22/04/2023,895.92996,5062.831559,5609.765959,33.653019
23/04/2023,895.92996,5062.831559,5609.765959,33.653019
24/04/2023,895.92996,5090.74949,5638.71726,33.653019
25/04/2023,886.052299,5024.60486,5560.03098,33.488599
26/04/2023,886.557189,5039.424909,5595.23886,33.650339
27/04/2023,900.0949,5077.049179,5677.53498,33.94668
28/04/2023,928.154909,5229.958419,5850.71939,34.183909
29/04/2023,931.11837,5246.65692,5869.3999,34.29305
30/04/2023,931.11837,5246.65692,5869.3999,34.29305
01/05/2023,931.11837,5215.01172,5846.988699,34.008299
02/05/2023,933.78132,5220.843109,5818.974699,34.21515
03/05/2023,936.454129,5311.709679,5907.845779,34.88069
04/05/2023,929.310439,5263.43746,5868.39896,34.860239
05/05/2023,921.473049,5172.638649,5825.662299,34.22731
06/05/2023,908.69461,5100.907559,5744.87546,33.752659
07/05/2023,908.69461,5100.907559,5744.87546,33.752659
08/05/2023,916.19239,5116.385699,5750.793789,33.757669
09/05/2023,903.71905,5038.80161,5666.21384,33.2537
10/05/2023,908.04983,5107.24409,5729.455039,33.779769
11/05/2023,917.500649,5083.19167,5693.10097,33.81734
12/05/2023,925.971019,5130.631129,5739.01439,34.009529
13/05/2023,918.58321,5089.696689,5693.22601,33.73819
14/05/2023,918.58321,5089.696689,5693.22601,33.73819
15/05/2023,927.204029,5097.654669,5711.02732,33.53
16/05/2023,917.87481,5029.56473,5632.211199,33.016989
17/05/2023,922.62806,5040.68965,5650.427099,32.978529
18/05/2023,914.678729,5000.88348,5619.620299,32.671709
19/05/2023,910.868029,5012.90465,5624.920159,32.649569
20/05/2023,912.2842,5020.69844,5633.665479,32.70033
21/05/2023,912.2842,5020.69844,5633.665479,32.70033
22/05/2023,912.2842,5038.013119,5625.513869,32.68146
23/05/2023,908.422929,5032.41471,5626.87247,32.68853
24/05/2023,906.380359,4977.125479,5567.8386,32.391779
25/05/2023,899.35513,4916.488,5488.64494,31.828079
26/05/2023,894.45222,4929.250269,5514.768799,31.825379
27/05/2023,892.617629,4919.140019,5503.45761,31.7601
28/05/2023,892.617629,4919.140019,5503.45761,31.7601
29/05/2023,890.40871,4935.4646,5512.38093,31.807649
30/05/2023,893.260989,4936.55676,5537.81239,31.916869
31/05/2023,871.4986,4823.46827,5464.96254,31.55798
01/06/2023,870.231379,4879.597219,5552.367489,31.916
02/06/2023,876.07063,4862.187179,5506.496759,31.58471
03/06/2023,865.207369,4801.896149,5438.2163,31.193059
04/06/2023,865.207369,4801.896149,5438.2163,31.193059
05/06/2023,879.036159,4806.665189,5406.418959,31.193059
06/06/2023,874.8771,4740.80352,5345.011819,30.815049
07/06/2023,861.29935,4677.170549,5290.543499,30.38219
08/06/2023,857.03174,4672.66873,5276.99881,30.288109
09/06/2023,851.09441,4634.63798,5259.668829,29.994109
10/06/2023,849.80758,4627.630549,5251.71637,29.94876
11/06/2023,849.80758,4627.630549,5251.71637,29.94876
12/06/2023,849.80758,4590.475139,5222.083389,29.89513
13/06/2023,853.230019,4610.25074,5261.733159,29.8545
14/06/2023,862.67438,4662.842499,5315.76374,30.02438
15/06/2023,863.119109,4677.175119,5331.63428,29.778069
16/06/2023,863.75062,4659.49876,5336.59532,29.436379
17/06/2023,859.822459,4638.308339,5312.3256,29.30251
18/06/2023,859.822459,4638.308339,5312.3256,29.30251
19/06/2023,859.822459,4627.43609,5306.5216,29.23226
20/06/2023,858.68268,4612.505559,5280.818129,29.33154
21/06/2023,865.78332,4636.473339,5283.56581,29.21546
22/06/2023,870.11864,4636.719439,5300.05446,29.125229
23/06/2023,861.760639,4581.72605,5230.212559,28.62582
24/06/2023,873.173589,4642.40534,5299.480249,29.00493
25/06/2023,873.173589,4642.40534,5299.480249,29.00493
26/06/2023,872.27836,4659.00759,5299.480249,29.045349
27/06/2023,874.849029,4657.657949,5318.469049,28.97049
28/06/2023,866.960349,4628.265709,5237.938269,28.73092
29/06/2023,858.702139,4648.90177,5262.0352,28.83341
30/06/2023,862.79385,4685.61207,5329.631639,29.00138
01/07/2023,859.97365,4670.29625,5312.21072,28.90658
02/07/2023,859.97365,4670.29625,5312.21072,28.90658
03/07/2023,859.97365,4661.95737,5302.18453,28.92059
04/07/2023,866.96965,4664.039289,5317.22382,28.934609
05/07/2023,869.423509,4654.68523,5313.88176,28.918589
06/07/2023,849.90632,4604.149,5241.835979,28.613569
07/07/2023,856.81934,4715.057869,5381.69981,29.511389
08/07/2023,855.600249,4708.34925,5374.04269,29.4694
09/07/2023,855.600249,4708.34925,5374.04269,29.4694
10/07/2023,858.72153,4717.36095,5371.10972,29.575489
11/07/2023,852.482089,4709.818589,5358.32199,29.54523
12/07/2023,856.83141,4835.78182,5451.247639,30.300499
13/07/2023,859.208769,4806.36786,5414.33783,29.8746
14/07/2023,854.04105,4770.47331,5382.40477,29.62254
15/07/2023,851.369919,4755.552969,5365.570529,29.52989
16/07/2023,851.369919,4755.552969,5365.570529,29.52989
17/07/2023,852.80807,4753.89444,5350.44012,29.39827
18/07/2023,842.593579,4745.644309,5324.796809,29.35855
19/07/2023,830.90102,4644.11217,5144.193229,28.59194
20/07/2023,828.62139,4599.79197,5118.13918,28.369199
21/07/2023,829.31199,4597.135589,5113.760959,28.080989
22/07/2023,827.474259,4586.94848,5102.429019,28.01876
23/07/2023,827.474259,4586.94848,5102.429019,28.01876
24/07/2023,832.12085,4586.94848,5091.309159,28.139869
25/07/2023,832.559899,4562.92446,5080.05082,28.0024
26/07/2023,837.824799,4610.46349,5142.63777,28.3453
27/07/2023,834.23419,4547.767029,5077.163499,27.97436
28/07/2023,833.129919,4532.61095,5058.96266,28.02794
29/07/2023,831.318329,4522.75504,5047.96223,27.966989
30/07/2023,831.318329,4522.75504,5047.96223,27.966989
31/07/2023,830.42097,4526.929729,5049.13928,27.618539
01/08/2023,822.307999,4455.91496,4975.630019,27.21262
02/08/2023,839.324759,4567.40369,5084.639869,27.953679
03/08/2023,843.85256,4633.912049,5151.1602,28.51011
04/08/2023,849.498879,4753.74469,5288.337559,29.229829
05/08/2023,835.78938,4677.02718,5202.99261,28.758109
06/08/2023,835.78938,4677.02718,5202.99261,28.758109
07/08/2023,835.78938,4664.188489,5209.109459,28.651019
08/08/2023,835.78938,4656.731749,5188.31217,28.49088
09/08/2023,828.363569,4650.83856,5190.96416,28.36982
10/08/2023,822.634609,4614.98397,5135.1126,27.92388
11/08/2023,815.30961,4518.19739,5029.470459,27.33022
12/08/2023,819.05714,4538.96504,5052.588149,27.455839
13/08/2023,819.05714,4538.96504,5052.588149,27.455839
14/08/2023,812.358929,4519.34713,5031.926419,27.323679
15/08/2023,814.542689,4601.4501,5137.380259,27.76595
16/08/2023,822.406929,4660.992259,5224.55004,28.09382
17/08/2023,829.96684,4703.17695,5269.888039,28.28799
18/08/2023,821.915269,4646.41924,5212.02047,28.19143
19/08/2023,827.954219,4680.55839,5250.315319,28.398559
20/08/2023,827.954219,4680.55839,5250.315319,28.398559
21/08/2023,827.954219,4683.74787,5250.315319,28.19085
22/08/2023,829.4863,4686.941689,5251.964939,28.27783
23/08/2023,833.6004,4686.690929,5226.30879,28.467279
24/08/2023,834.348899,4632.528339,5169.05943,28.062429
25/08/2023,836.42443,4596.79783,5118.14026,27.81727
26/08/2023,844.81145,4642.890959,5169.461009,28.096199
27/08/2023,844.81145,4642.890959,5169.461009,28.096199
28/08/2023,844.395679,4654.96269,5179.343679,28.08087
29/08/2023,840.2346,4664.760599,5177.22598,28.103339
30/08/2023,843.95893,4688.660729,5232.13184,28.184039
31/08/2023,839.79073,4626.12388,5177.747239,28.06436
01/09/2023,832.95064,4637.10407,5174.010239,28.07478
02/09/2023,825.668009,4596.56108,5128.77299,27.829319
03/09/2023,825.668009,4596.56108,5128.77299,27.829319
04/09/2023,824.01038,4592.40506,5127.553979,27.7495
05/09/2023,826.39007,4570.70866,5102.361149,27.51648
06/09/2023,822.84553,4579.97536,5108.553429,27.704489
07/09/2023,822.622389,4585.01176,5107.704609,27.828659
08/09/2023,813.13409,4537.7187,5052.432499,27.401489
09/09/2023,806.387159,4500.067289,5010.51028,27.174119
10/09/2023,806.387159,4500.067289,5010.51028,27.174119
11/09/2023,805.205799,4501.581949,5027.762999,27.40614
12/09/2023,809.914909,4478.758679,4984.38223,27.15855
13/09/2023,806.79003,4474.04212,4989.51638,27.076609
14/09/2023,803.60418,4417.89108,4907.042639,26.85508
15/09/2023,805.536969,4378.445579,4868.186279,26.559719
16/09/2023,805.88368,4380.33006,4870.281539,26.571149
17/09/2023,805.88368,4380.33006,4870.281539,26.571149
18/09/2023,806.909999,4375.9385,4863.99629,26.603539
19/09/2023,804.869249,4351.548569,4844.94038,26.44694
20/09/2023,803.504289,4363.305,4839.53985,26.42565
21/09/2023,805.926029,4328.35936,4801.570359,26.498539
22/09/2023,802.11486,4358.854049,4843.713099,26.66475
23/09/2023,802.206279,4359.350849,4844.265159,26.66779
24/09/2023,802.206279,4359.350849,4844.265159,26.66779
25/09/2023,803.806609,4324.0254,4817.808869,26.51735
26/09/2023,817.04435,4436.278049,4932.346429,27.22932
27/09/2023,818.47679,4423.975199,4938.217599,27.22286
28/09/2023,814.11212,4467.04495,4994.192,27.403929
29/09/2023,809.520689,4467.05663,4987.663849,27.38134
30/09/2023,803.217809,4432.276399,4948.8302,27.16815
01/10/2023,803.217809,4432.276399,4948.8302,27.16815
02/10/2023,809.618529,4411.055489,4914.373239,27.05572
03/10/2023,817.28533,4496.666659,5003.26158,27.785499
04/10/2023,819.471949,4555.554339,5073.818709,28.112049
05/10/2023,825.32802,4652.686279,5171.391849,28.61625
06/10/2023,843.09667,4771.672499,5314.544539,29.18915
07/10/2023,848.36869,4801.5105,5347.7772,29.37167
08/10/2023,848.36869,4801.5105,5347.7772,29.37167
09/10/2023,845.01849,4834.85065,5357.866519,29.53582
10/10/2023,849.14053,4844.46162,5378.48382,29.476279
11/10/2023,832.14763,4690.72267,5211.247849,28.37772
12/10/2023,834.32362,4648.53233,5146.41125,28.13585
13/10/2023,837.91047,4676.77426,5135.96054,28.268139
14/10/2023,841.552779,4697.103689,5158.286,28.39101
15/10/2023,841.552779,4697.103689,5158.286,28.39101
16/10/2023,841.552779,4714.301559,5180.380799,28.396709
17/10/2023,839.40812,4719.53793,5176.5567,28.38532
18/10/2023,838.082089,4702.70661,5128.994929,28.19237
19/10/2023,836.08045,4715.43781,5134.165149,28.19951
20/10/2023,840.96054,4767.45568,5164.247589,28.354079
21/10/2023,838.81149,4755.2726,5151.050519,28.28162
22/10/2023,838.81149,4755.2726,5151.050519,28.28162
23/10/2023,839.010719,4748.3477,5176.059729,28.287279
24/10/2023,841.618479,4726.67114,5142.075149,28.16889
25/10/2023,841.800669,4708.872489,5118.287959,28.109989
26/10/2023,840.726359,4677.20138,5096.45589,27.950569
27/10/2023,830.17442,4603.301569,5047.00561,27.77551
28/10/2023,823.317139,4565.27808,5005.317109,27.546089
29/10/2023,823.317139,4565.27808,5005.317109,27.546089
30/10/2023,832.885959,4569.834749,5009.84979,27.655159
31/10/2023,811.06295,4462.94098,4928.629369,26.816539
01/11/2023,813.59924,4520.204349,4988.988049,27.254169
02/11/2023,820.45708,4544.432179,5013.723689,27.36747
03/11/2023,806.389969,4505.800479,5008.298619,27.099969
04/11/2023,792.03992,4425.6179,4919.173869,26.617709
05/11/2023,792.03992,4425.6179,4919.173869,26.617709
06/11/2023,792.03992,4431.538459,4926.726539,26.55016
07/11/2023,812.835349,4415.78538,4889.7582,26.41606
08/11/2023,823.002629,4458.48825,4922.21874,26.551709
09/11/2023,832.317949,4521.56361,4996.44933,26.93824
10/11/2023,827.930039,4493.232909,4949.061099,26.78555
11/11/2023,823.899509,4471.358949,4924.968079,26.655149
12/11/2023,823.899509,4471.358949,4924.968079,26.655149
13/11/2023,823.899509,4474.33226,4948.38378,26.618249
14/11/2023,820.35031,4525.99775,5029.935019,26.771809
15/11/2023,814.27602,4473.555299,4933.05922,26.267939
16/11/2023,817.002209,4481.956489,4948.38201,26.443509
17/11/2023,839.514909,4600.519009,5070.70438,27.262899
18/11/2023,847.575609,4644.69141,5119.391319,27.52467
19/11/2023,847.575609,4644.69141,5119.391319,27.52467
20/11/2023,842.82087,4656.249289,5144.914179,27.751039
21/11/2023,828.012799,4571.43019,5058.422819,27.296179
22/11/2023,831.997949,4584.631879,5060.164939,27.12734
23/11/2023,835.81757,4632.476789,5132.19105,27.37527
24/11/2023,836.449659,4641.408639,5162.88352,27.37527
25/11/2023,826.67552,4587.172499,5102.55381,27.055379
26/11/2023,826.67552,4587.172499,5102.55381,27.055379
27/11/2023,826.74311,4591.859669,5099.722649,27.15894
28/11/2023,815.17826,4543.258929,5061.17546,26.984239
29/11/2023,810.00593,4524.19981,5026.3679,26.854179
30/11/2023,813.593719,4578.64044,5040.324349,26.929169
01/12/2023,819.71671,4637.950009,5111.13547,27.39921
02/12/2023,807.13894,4566.785139,5032.71002,26.97879
03/12/2023,807.13894,4566.785139,5032.71002,26.97879
04/12/2023,809.83023,4558.42298,5023.947089,27.07967
05/12/2023,814.89457,4576.556059,5045.886459,27.193619
06/12/2023,812.50706,4605.850019,5067.635309,27.331579
07/12/2023,813.77868,4552.202189,5017.65703,27.7052
08/12/2023,815.606319,4546.344509,5016.530639,27.673259
09/12/2023,815.606319,4546.344509,5016.530639,27.673259
10/12/2023,815.606319,4546.344509,5016.530639,27.673259
11/12/2023,816.9728,4547.895809,5018.92975,27.310359
12/12/2023,805.619609,4545.19516,5004.011249,27.346699
13/12/2023,806.7273,4556.319209,4999.774459,27.496759
14/12/2023,806.775859,4618.812789,5104.472499,28.230599
15/12/2023,808.874159,4564.30137,5024.75877,27.90941
16/12/2023,809.054099,4565.31671,5025.876549,27.91562
17/12/2023,809.054099,4565.31671,5025.876549,27.91562
18/12/2023,801.10951,4560.055309,5003.323019,27.652239
19/12/2023,796.18366,4574.90693,5010.51291,27.347629
20/12/2023,806.82532,4559.547029,4973.95059,27.323
21/12/2023,809.790809,4609.011319,4997.66707,27.77532
22/12/2023,808.84325,4609.574459,5014.745549,27.69759
23/12/2023,803.1816,4577.30886,4979.643869,27.50372
24/12/2023,803.1816,4577.30886,4979.643869,27.50372
25/12/2023,803.1816,4577.30886,4979.643869,27.50372
26/12/2023,805.42858,4578.37932,4975.3369,27.461279
27/12/2023,800.514859,4577.80536,4951.584549,27.22155
28/12/2023,796.02691,4598.50496,4910.59133,27.29138
29/12/2023,789.56555,4541.9489,4873.11375,27.114419
30/12/2023,789.56555,4541.9489,4873.11375,27.114419
31/12/2023,789.56555,4541.9489,4873.11375,27.114419
01/01/2024,789.56555,4541.9489,4873.11375,27.114419
02/01/2024,789.56555,4504.47849,4826.10253,26.93101
03/01/2024,796.46902,4570.072729,4920.833489,27.129529
04/01/2024,795.553379,4607.58003,4971.93346,27.070049
05/01/2024,798.59298,4636.02455,5009.31205,27.252559
06/01/2024,795.602039,4618.66147,4990.550919,27.15049
07/01/2024,795.602039,4618.66147,4990.550919,27.15049
08/01/2024,795.602039,4624.11959,4990.15962,27.195779
09/01/2024,800.30474,4592.101859,4971.76885,27.11475
10/01/2024,804.01585,4621.320329,5011.688199,27.020119
11/01/2024,807.115239,4616.200719,5017.440239,27.04118
12/01/2024,805.482899,4618.93511,5015.983949,27.15631
13/01/2024,799.65975,4585.54301,4979.721429,26.95998
14/01/2024,799.65975,4585.54301,4979.721429,26.95998
15/01/2024,803.795039,4563.55129,4968.017289,26.76394
16/01/2024,800.13535,4537.543609,4937.586519,26.554449
17/01/2024,803.73021,4540.14976,4989.51018,26.550219
18/01/2024,804.519649,4568.419839,5030.9443,26.78836
19/01/2024,797.59702,4535.386199,4996.568489,26.60469
20/01/2024,792.83964,4508.334289,4966.76579,26.44601
21/01/2024,792.83964,4508.334289,4966.76579,26.44601
22/01/2024,795.73927,4505.74091,4981.648079,26.490729
23/01/2024,789.040899,4481.22345,4946.59838,26.298169
24/01/2024,791.5307,4558.178859,5019.394729,26.773399
25/01/2024,798.997679,4528.635629,4992.215479,26.63109
26/01/2024,798.959889,4557.3117,5004.2983,26.561489
27/01/2024,797.395679,4548.389329,4994.50082,26.509479
28/01/2024,797.395679,4548.389329,4994.50082,26.509479
29/01/2024,799.132709,4545.229269,4977.622199,26.583089
30/01/2024,796.222999,4540.002309,4964.89241,26.509699
31/01/2024,790.94132,4576.891679,5000.03672,26.858229
01/02/2024,790.55906,4545.57696,4967.27941,26.774889
02/02/2024,788.15053,4493.933439,4923.537299,26.233049
03/02/2024,796.066389,4539.068629,4972.987259,26.49652
04/02/2024,796.066389,4539.068629,4972.987259,26.49652
05/02/2024,794.119069,4507.81501,4919.17215,26.38794
06/02/2024,794.401259,4568.240829,5001.480919,26.852219
07/02/2024,795.187289,4532.549329,4991.150129,26.703859
08/02/2024,798.80448,4530.85191,4995.579579,26.520949
09/02/2024,794.14434,4520.66758,4997.13364,26.48637
10/02/2024,788.40114,4487.97439,4960.994679,26.29482
11/02/2024,788.40114,4487.97439,4960.994679,26.29482
12/02/2024,789.78093,4481.31491,4953.92774,26.27194
13/02/2024,787.60837,4417.556129,4934.818909,26.001319
14/02/2024,790.36832,4433.536439,4931.6808,26.08724
15/02/2024,787.78083,4449.681889,4930.620319,26.10377
16/02/2024,786.634869,4440.02952,4921.769529,26.02775
17/02/2024,788.234339,4449.057459,4931.77699,26.08068
18/02/2024,788.234339,4449.057459,4931.77699,26.08068
19/02/2024,787.426379,4442.499139,4932.560559,26.092839
20/02/2024,790.22166,4452.59688,4961.552569,26.160789
21/02/2024,792.06712,4443.022589,4936.60295,26.04652
22/02/2024,797.261489,4457.08777,4961.953249,26.116409
23/02/2024,796.47865,4467.748889,4990.785079,26.14695
24/02/2024,799.25525,4483.32387,5008.183409,26.238099
25/02/2024,799.25525,4483.32387,5008.183409,26.238099
26/02/2024,792.32821,4485.87005,5010.55303,26.20155
27/02/2024,795.591509,4508.11056,5027.56328,26.34851
28/02/2024,793.96195,4472.769629,4980.8827,26.098069
29/02/2024,793.84068,4467.92367,4976.740109,26.28506
01/03/2024,788.991909,4442.660179,4975.46593,26.18952
02/03/2024,789.696339,4446.626729,4979.90819,26.21291
03/03/2024,789.696339,4446.626729,4979.90819,26.21291
04/03/2024,793.47045,4448.13475,4997.61488,26.14845
05/03/2024,798.211,4473.90663,5028.631239,26.32797
06/03/2024,797.324269,4475.18148,5029.493929,26.41306
07/03/2024,796.191689,4474.399809,5030.51796,26.549749
08/03/2024,794.357549,4479.36707,5051.54583,26.666589
09/03/2024,791.249639,4461.84165,5031.78178,26.562259
10/03/2024,791.249639,4461.84165,5031.78178,26.562259
11/03/2024,785.09397,4447.61416,5002.490899,26.59663
12/03/2024,785.158019,4450.301779,4996.91664,26.46133
13/03/2024,787.00985,4465.04157,5017.420799,26.53394
14/03/2024,784.79024,4424.34054,4983.116299,26.37524
15/03/2024,783.60797,4413.57102,4968.602729,26.149339
16/03/2024,780.64386,4396.876059,4949.80828,26.050419
17/03/2024,780.64386,4396.876059,4949.80828,26.050419
18/03/2024,778.001639,4383.480019,4947.089039,26.050419
19/03/2024,774.290669,4370.033779,4933.782119,25.748719
20/03/2024,773.521229,4370.29514,4950.91258,25.67998
21/03/2024,775.61958,4323.14536,4924.75298,25.64452
22/03/2024,780.71123,4329.161559,4900.84921,25.690629
23/03/2024,783.42001,4344.18216,4917.85335,25.779759
24/03/2024,783.42001,4344.18216,4917.85335,25.779759
25/03/2024,783.42001,4344.18216,4934.23969,25.767839
26/03/2024,782.006769,4322.044969,4927.997279,25.740639
27/03/2024,775.302819,4269.431249,4883.4933,25.54155
28/03/2024,770.55591,4266.85174,4854.746049,25.3902
29/03/2024,770.55591,4266.85174,4854.746049,25.3902
30/03/2024,770.55591,4266.85174,4854.746049,25.3902
31/03/2024,770.55591,4266.85174,4854.746049,25.3902
01/04/2024,770.772309,4247.043209,4827.849949,25.33997
02/04/2024,764.566749,4263.381519,4855.85385,25.488579
03/04/2024,761.897399,4245.578,4853.05216,25.332489
04/04/2024,751.63255,4214.62686,4830.349919,25.137679
05/04/2024,751.601599,4186.482589,4763.00679,24.91335
06/04/2024,749.383839,4174.129509,4748.952559,24.839839
07/04/2024,749.383839,4174.129509,4748.952559,24.839839
08/04/2024,745.185489,4160.28956,4761.37452,24.798929
09/04/2024,747.55529,4171.79543,4778.08464,24.855229
10/04/2024,751.573669,4127.925849,4729.878819,24.63783
11/04/2024,753.324899,4187.72911,4777.693959,24.89358
12/04/2024,752.59559,4194.6854,4751.44038,24.979399
13/04/2024,761.43541,4243.955189,4807.249679,25.2728
14/04/2024,761.43541,4243.955189,4807.249679,25.2728
15/04/2024,752.55461,4229.09508,4813.047139,25.046779
16/04/2024,751.754919,4261.61937,4840.582309,25.1655
17/04/2024,748.29178,4314.31858,4904.12838,25.4663
18/04/2024,743.750829,4278.912159,4857.134909,25.2373
19/04/2024,746.24423,4309.53585,4872.71082,25.34758
20/04/2024,749.84382,4330.32336,4896.21486,25.46985
21/04/2024,749.84382,4330.32336,4896.21486,25.46985
22/04/2024,753.33027,4321.29294,4856.056139,25.44845
23/04/2024,754.2364,4311.56761,4880.906149,25.35741
24/04/2024,757.46028,4279.31487,4862.48843,25.22587
25/04/2024,762.929859,4308.319639,4916.807539,25.30151
26/04/2024,767.245949,4336.202549,4941.464969,25.210409
27/04/2024,759.7817,4294.01728,4893.391319,24.96515
28/04/2024,759.7817,4294.01728,4893.391319,24.96515
29/04/2024,767.1304,4311.938489,4927.5477,25.059159
30/04/2024,757.28557,4224.034889,4851.096249,24.61671
01/05/2024,762.29642,4241.80809,4871.88796,24.73401
02/05/2024,753.997129,4269.210549,4869.15861,25.312059
03/05/2024,761.776539,4309.77227,4892.37823,25.502839
04/05/2024,761.149319,4306.22374,4888.35,25.481839
05/05/2024,761.149319,4306.22374,4888.35,25.481839
06/05/2024,768.90174,4304.79611,4900.815319,25.30637
07/05/2024,767.774679,4294.948709,4889.205759,25.21843
08/05/2024,767.69425,4278.92939,4854.49606,24.97004
09/05/2024,767.011259,4304.687839,4884.14144,25.08761
10/05/2024,756.312649,4298.8868,4879.37538,25.024889
11/05/2024,753.9528,4285.47338,4864.150709,24.946809
12/05/2024,753.9528,4285.47338,4864.150709,24.946809
13/05/2024,753.9528,4291.148869,4885.535859,24.93721
14/05/2024,755.608449,4291.62251,4895.645209,24.863849
15/05/2024,752.058419,4268.619429,4885.58848,24.86523
16/05/2024,743.999059,4230.255439,4847.18968,24.630859
17/05/2024,746.914009,4222.053139,4863.18749,24.63951
18/05/2024,747.553829,4225.669859,4867.35342,24.660609
19/05/2024,747.553829,4225.669859,4867.35342,24.660609
20/05/2024,749.205289,4216.83538,4871.185679,24.556319
21/05/2024,748.32905,4205.0495,4863.99127,24.51349
22/05/2024,747.573039,4172.525419,4855.274129,24.37505
23/05/2024,743.66746,4192.216739,4868.940719,24.392289
24/05/2024,746.07383,4196.82852,4889.46067,24.44941
25/05/2024,753.9456,4241.108919,4941.048979,24.70737
26/05/2024,753.9456,4241.108919,4941.048979,24.70737
27/05/2024,752.99405,4244.822669,4955.785649,24.74679
28/05/2024,750.13927,4261.61538,4956.173459,24.72785
29/05/2024,747.708219,4220.251909,4899.974549,24.467169
30/05/2024,744.144239,4279.5706,4926.97018,24.69676
31/05/2024,745.549009,4295.254979,4933.559079,24.65678
01/06/2024,742.9704,4280.39911,4916.49552,24.5715
02/06/2024,742.9704,4280.39911,4916.49552,24.5715
03/06/2024,742.9704,4306.17889,4932.71139,24.72096
04/06/2024,736.676199,4337.137719,4935.414029,24.93168
05/06/2024,742.136629,4371.254469,4989.10436,25.01375
06/06/2024,743.429539,4403.98026,5017.90502,25.178909
07/06/2024,747.70384,4393.71932,5011.38557,25.116569
08/06/2024,748.76886,4399.977679,5018.523729,25.152339
09/06/2024,748.76886,4399.977679,5018.523729,25.152339
10/06/2024,748.76886,4397.03455,5016.946079,25.13952
11/06/2024,747.0528,4386.76454,5014.57959,25.07081
12/06/2024,740.079219,4446.873239,5086.89396,25.425789
13/06/2024,746.638209,4499.787489,5137.30069,25.64055
14/06/2024,761.10287,4613.635849,5203.817079,26.102689
15/06/2024,769.261409,4663.091089,5259.598689,26.38249
16/06/2024,769.261409,4663.091089,5259.598689,26.38249
17/06/2024,774.196249,4654.204029,5265.410859,26.30226
18/06/2024,765.765639,4686.374939,5260.778849,26.24013
19/06/2024,758.65021,4639.599589,5223.731439,25.979279
20/06/2024,750.694529,4607.80723,5204.042459,25.84343
21/06/2024,769.790589,4674.233259,5274.237479,26.170079
22/06/2024,763.84751,4638.146399,5233.51836,25.968029
23/06/2024,763.84751,4638.146399,5233.51836,25.968029
24/06/2024,761.57324,4636.58945,5258.38068,25.946899
25/06/2024,760.154829,4589.48898,5201.891209,25.702169
26/06/2024,754.13296,4563.723519,5168.655109,25.489779
27/06/2024,750.323999,4609.28858,5229.843369,25.74174
28/06/2024,752.965239,4628.339259,5257.085829,25.852389
29/06/2024,751.14354,4617.14158,5244.36697,25.78985
30/06/2024,751.14354,4617.14158,5244.36697,25.78985
01/07/2024,751.14354,4589.047459,5246.026179,25.66062
02/07/2024,746.27853,4593.11261,5259.299909,25.695589
03/07/2024,728.77309,4583.829069,5271.570289,25.598299
04/07/2024,733.31722,4551.716849,5229.068489,25.430489
05/07/2024,747.01183,4562.36355,5242.9952,25.44787
06/07/2024,746.57961,4559.723759,5239.961599,25.43315
07/07/2024,746.57961,4559.723759,5239.961599,25.43315
08/07/2024,744.80023,4564.29925,5253.88024,25.488569
09/07/2024,740.75922,4515.866289,5188.23249,25.11768
10/07/2024,739.605739,4472.42299,5161.094559,24.88276
11/07/2024,737.55304,4453.793639,5144.829649,25.10509
12/07/2024,733.69874,4438.955369,5156.355899,25.16721
13/07/2024,729.28051,4412.22458,5125.305019,25.01566
14/07/2024,729.28051,4412.22458,5125.305019,25.01566
15/07/2024,723.54235,4408.280249,5122.93804,24.9903
16/07/2024,723.72197,4407.691439,5113.19095,24.89853
17/07/2024,732.96049,4488.411189,5176.48768,25.419409
18/07/2024,733.79006,4537.54524,5206.52462,25.589719
19/07/2024,728.388659,4543.820349,5215.05148,25.659349
20/07/2024,729.014789,4547.726239,5219.53438,25.681409
21/07/2024,729.014789,4547.726239,5219.53438,25.681409
22/07/2024,727.47897,4543.63472,5218.32232,25.755079
23/07/2024,720.609079,4490.035859,5172.15951,25.682839
24/07/2024,718.72009,4538.3388,5182.005809,26.171559
25/07/2024,718.434499,4601.182219,5212.98131,26.34337
26/07/2024,715.476269,4570.166489,5187.395999,26.28322
27/07/2024,711.8519,4547.01551,5161.11833,26.150069
28/07/2024,711.8519,4547.01551,5161.11833,26.150069
29/07/2024,711.05758,4530.083499,5158.30814,26.0618
30/07/2024,718.91169,4583.325799,5209.27052,26.262429
31/07/2024,723.39277,4646.647719,5253.202529,27.180599
01/08/2024,717.184489,4646.22954,5195.20503,27.059909
02/08/2024,715.860599,4723.09662,5196.790619,27.667339
03/08/2024,725.252749,4785.064019,5264.972929,28.030339
04/08/2024,725.252749,4785.064019,5264.972929,28.030339
05/08/2024,716.591699,4842.565969,5245.24315,28.8366
06/08/2024,725.936839,4908.84561,5318.66373,28.96912
