dd/mm/aaaa,COP/GBP,COP/JPY
12/11/2020,"4.793,47","34,72"
13/11/2020,"4.798,79","34,85"
14/11/2020,"4.790,54","34,79"
15/11/2020,"4.790,54","34,79"
16/11/2020,"4.796,36","34,80"
17/11/2020,"4.826,21","34,93"
18/11/2020,"4.835,89","35,07"
19/11/2020,"4.823,39","35,11"
20/11/2020,"4.845,90","35,13"
21/11/2020,"4.849,62","35,16"
22/11/2020,"4.849,62","35,16"
23/11/2020,"4.852,54","34,94"
24/11/2020,"4.852,49","34,71"
25/11/2020,"4.875,02","34,89"
26/11/2020,"4.825,80","34,72"
27/11/2020,"4.831,41","34,81"
28/11/2020,"4.819,47","34,72"
29/11/2020,"4.819,47","34,72"
30/11/2020,"4.821,45","34,63"
01/12/2020,"4.799,78","34,38"
02/12/2020,"4.741,79","34,03"
03/12/2020,"4.769,30","34,05"
04/12/2020,"4.690,54","33,41"
05/12/2020,"4.671,75","33,28"
06/12/2020,"4.671,75","33,28"
07/12/2020,"4.617,66","33,33"
08/12/2020,"4.660,02","33,49"
09/12/2020,"4.671,71","33,47"
10/12/2020,"4.599,58","33,20"
11/12/2020,"4.556,33","33,18"
12/12/2020,"4.535,93","33,03"
13/12/2020,"4.535,93","33,03"
14/12/2020,"4.572,15","32,99"
15/12/2020,"4.591,97","33,04"
16/12/2020,"4.619,27","33,06"
17/12/2020,"4.643,65","33,16"
18/12/2020,"4.599,15","32,99"
19/12/2020,"4.611,88","33,08"
20/12/2020,"4.611,88","33,08"
21/12/2020,"4.555,62","33,05"
22/12/2020,"4.584,26","33,19"
23/12/2020,"4.658,02","33,25"
24/12/2020,"4.714,10","33,61"
25/12/2020,"4.729,34","33,71"
26/12/2020,"4.729,34","33,71"
27/12/2020,"4.729,34","33,71"
28/12/2020,"4.697,37","33,64"
29/12/2020,"4.715,63","33,74"
30/12/2020,"4.738,96","33,73"
31/12/2020,"4.692,06","33,25"
01/01/2021,"4.692,06","33,25"
02/01/2021,"4.692,06","33,25"
03/01/2021,"4.692,06","33,25"
04/01/2021,"4.661,16","33,28"
05/01/2021,"4.650,55","33,28"
06/01/2021,"4.676,10","33,38"
07/01/2021,"4.642,59","32,98"
08/01/2021,"4.702,35","33,33"
09/01/2021,"4.727,79","33,51"
10/01/2021,"4.727,79","33,51"
11/01/2021,"4.691,45","33,35"
12/01/2021,"4.738,06","33,38"
13/01/2021,"4.756,46","33,56"
14/01/2021,"4.758,05","33,50"
15/01/2021,"4.712,28","33,40"
16/01/2021,"4.708,26","33,37"
17/01/2021,"4.708,26","33,37"
18/01/2021,"4.706,35","33,43"
19/01/2021,"4.720,39","33,37"
20/01/2021,"4.746,53","33,62"
21/01/2021,"4.771,42","33,56"
22/01/2021,"4.754,24","33,50"
23/01/2021,"4.819,55","33,96"
24/01/2021,"4.819,55","33,96"
25/01/2021,"4.819,37","33,97"
26/01/2021,"4.922,95","34,56"
27/01/2021,"4.921,41","34,50"
28/01/2021,"4.989,84","34,87"
29/01/2021,"4.923,53","34,25"
30/01/2021,"4.887,85","34,00"
31/01/2021,"4.887,85","34,00"
01/02/2021,"4.863,11","33,91"
02/02/2021,"4.853,61","33,89"
03/02/2021,"4.823,49","33,64"
04/02/2021,"4.810,77","33,41"
05/02/2021,"4.884,40","33,74"
06/02/2021,"4.863,33","33,60"
07/02/2021,"4.863,33","33,60"
08/02/2021,"4.869,35","33,68"
09/02/2021,"4.904,00","33,99"
10/02/2021,"4.960,98","34,24"
11/02/2021,"4.916,00","33,97"
12/02/2021,"4.882,22","33,58"
13/02/2021,"4.868,65","33,49"
14/02/2021,"4.868,65","33,49"
15/02/2021,"4.890,80","33,37"
16/02/2021,"4.896,60","33,26"
17/02/2021,"4.874,28","33,21"
18/02/2021,"4.945,74","33,52"
19/02/2021,"4.957,78","33,49"
20/02/2021,"4.982,36","33,66"
21/02/2021,"4.982,36","33,66"
22/02/2021,"4.995,69","33,84"
23/02/2021,"5.081,20","34,27"
24/02/2021,"5.061,70","33,89"
25/02/2021,"5.057,02","33,67"
26/02/2021,"5.016,70","33,68"
27/02/2021,"5.067,26","34,02"
28/02/2021,"5.067,26","34,02"
01/03/2021,"5.051,67","33,99"
02/03/2021,"5.053,01","33,94"
03/03/2021,"5.096,14","34,09"
04/03/2021,"5.144,41","34,17"
05/03/2021,"5.041,52","33,70"
06/03/2021,"5.030,76","33,63"
07/03/2021,"5.030,76","33,63"
08/03/2021,"5.028,21","33,44"
09/03/2021,"5.034,10","33,31"
10/03/2021,"5.003,73","33,13"
11/03/2021,"4.975,63","32,83"
12/03/2021,"4.911,35","32,43"
13/03/2021,"4.967,88","32,81"
14/03/2021,"4.967,88","32,81"
15/03/2021,"4.956,44","32,76"
16/03/2021,"4.967,62","32,80"
17/03/2021,"4.934,40","32,54"
18/03/2021,"4.986,51","32,83"
19/03/2021,"4.951,36","32,79"
20/03/2021,"4.929,02","32,64"
21/03/2021,"4.929,02","32,64"
22/03/2021,"4.922,80","32,70"
23/03/2021,"4.900,77","32,71"
24/03/2021,"4.925,59","32,99"
25/03/2021,"4.988,11","33,31"
26/03/2021,"5.045,23","33,39"
27/03/2021,"5.055,15","33,46"
28/03/2021,"5.055,15","33,46"
29/03/2021,"5.047,45","33,39"
30/03/2021,"5.081,28","33,60"
31/03/2021,"5.155,81","33,82"
01/04/2021,"5.084,22","33,26"
02/04/2021,"5.084,22","33,26"
03/04/2021,"5.084,22","33,26"
04/04/2021,"5.084,22","33,26"
05/04/2021,"5.110,89","33,40"
06/04/2021,"5.053,61","33,22"
07/04/2021,"5.025,55","33,25"
08/04/2021,"4.997,20","33,31"
09/04/2021,"4.989,58","33,16"
10/04/2021,"5.011,77","33,31"
11/04/2021,"5.011,77","33,31"
12/04/2021,"5.017,24","33,37"
13/04/2021,"5.016,35","33,46"
14/04/2021,"5.051,80","33,63"
15/04/2021,"5.055,81","33,71"
16/04/2021,"5.003,39","33,27"
17/04/2021,"4.969,08","33,04"
18/04/2021,"4.969,08","33,04"
19/04/2021,"5.029,12","33,28"
20/04/2021,"5.030,96","33,35"
21/04/2021,"5.065,13","33,62"
22/04/2021,"5.038,54","33,70"
23/04/2021,"5.024,68","33,59"
24/04/2021,"5.037,49","33,68"
25/04/2021,"5.037,49","33,68"
26/04/2021,"5.056,97","33,68"
27/04/2021,"5.092,36","33,74"
28/04/2021,"5.169,50","34,13"
29/04/2021,"5.159,66","33,96"
30/04/2021,"5.140,68","33,97"
01/05/2021,"5.178,41","34,22"
02/05/2021,"5.178,41","34,22"
03/05/2021,"5.209,08","34,34"
04/05/2021,"5.299,23","34,95"
05/05/2021,"5.329,41","35,08"
06/05/2021,"5.342,48","35,26"
07/05/2021,"5.312,48","35,01"
08/05/2021,"5.263,55","34,68"
09/05/2021,"5.263,55","34,68"
10/05/2021,"5.324,36","34,63"
11/05/2021,"5.254,60","34,24"
12/05/2021,"5.220,40","33,86"
13/05/2021,"5.244,72","34,07"
14/05/2021,"5.252,13","34,07"
15/05/2021,"5.188,38","33,65"
16/05/2021,"5.188,38","33,65"
17/05/2021,"5.199,99","33,73"
18/05/2021,"5.233,50","33,82"
19/05/2021,"5.171,23","33,66"
20/05/2021,"5.213,73","33,83"
21/05/2021,"5.270,12","34,15"
22/05/2021,"5.293,65","34,31"
23/05/2021,"5.293,65","34,31"
24/05/2021,"5.292,72","34,38"
25/05/2021,"5.300,81","34,43"
26/05/2021,"5.275,71","34,26"
27/05/2021,"5.318,24","34,15"
28/05/2021,"5.287,19","33,91"
29/05/2021,"5.267,71","33,78"
30/05/2021,"5.267,71","33,78"
31/05/2021,"5.281,27","33,96"
01/06/2021,"5.265,11","33,96"
02/06/2021,"5.200,33","33,49"
03/06/2021,"5.140,00","33,06"
04/06/2021,"5.183,28","33,40"
05/06/2021,"5.114,96","32,96"
06/06/2021,"5.114,96","32,96"
07/06/2021,"5.113,33","33,02"
08/06/2021,"5.107,02","32,98"
09/06/2021,"5.081,20","32,82"
10/06/2021,"5.075,09","32,74"
11/06/2021,"5.070,50","32,70"
12/06/2021,"5.121,57","33,03"
13/06/2021,"5.121,57","33,03"
14/06/2021,"5.119,76","32,97"
15/06/2021,"5.108,16","32,94"
16/06/2021,"5.208,92","33,59"
17/06/2021,"5.148,70","33,48"
18/06/2021,"5.150,26","33,84"
19/06/2021,"5.182,45","34,05"
20/06/2021,"5.182,45","34,05"
21/06/2021,"5.219,24","34,06"
22/06/2021,"5.230,12","33,94"
23/06/2021,"5.286,50","34,16"
24/06/2021,"5.242,74","34,04"
25/06/2021,"5.246,06","34,04"
26/06/2021,"5.202,49","33,75"
27/06/2021,"5.202,49","33,75"
28/06/2021,"5.192,58","33,80"
29/06/2021,"5.136,61","33,60"
30/06/2021,"5.189,65","33,85"
01/07/2021,"5.165,43","33,61"
02/07/2021,"5.204,00","33,92"
03/07/2021,"5.206,26","33,93"
04/07/2021,"5.206,26","33,93"
05/07/2021,"5.227,98","34,05"
06/07/2021,"5.216,08","34,16"
07/07/2021,"5.211,02","34,18"
08/07/2021,"5.250,12","34,82"
09/07/2021,"5.326,53","34,96"
10/07/2021,"5.297,48","34,77"
11/07/2021,"5.297,48","34,77"
12/07/2021,"5.320,84","34,73"
13/07/2021,"5.294,44","34,67"
14/07/2021,"5.306,31","34,76"
15/07/2021,"5.263,25","34,50"
16/07/2021,"5.253,28","34,59"
17/07/2021,"5.252,44","34,59"
18/07/2021,"5.252,44","34,59"
19/07/2021,"5.206,16","34,82"
20/07/2021,"5.230,86","34,96"
21/07/2021,"5.255,07","34,83"
22/07/2021,"5.304,26","35,01"
23/07/2021,"5.317,51","34,97"
24/07/2021,"5.327,94","35,04"
25/07/2021,"5.327,94","35,04"
26/07/2021,"5.355,25","35,12"
27/07/2021,"5.419,96","35,56"
28/07/2021,"5.434,55","35,59"
29/07/2021,"5.453,49","35,60"
30/07/2021,"5.334,70","34,96"
31/07/2021,"5.377,71","35,24"
01/08/2021,"5.377,71","35,24"
02/08/2021,"5.375,58","35,40"
03/08/2021,"5.370,86","35,48"
04/08/2021,"5.443,61","35,72"
05/08/2021,"5.449,70","35,66"
06/08/2021,"5.422,53","35,45"
07/08/2021,"5.475,94","35,80"
08/08/2021,"5.475,94","35,80"
09/08/2021,"5.469,03","35,81"
10/08/2021,"5.522,76","36,08"
11/08/2021,"5.518,99","36,03"
12/08/2021,"5.465,22","35,80"
13/08/2021,"5.385,15","35,38"
14/08/2021,"5.306,43","34,86"
15/08/2021,"5.306,43","34,86"
16/08/2021,"5.308,92","35,09"
17/08/2021,"5.262,00","34,95"
18/08/2021,"5.321,77","35,20"
19/08/2021,"5.274,96","35,19"
20/08/2021,"5.277,28","35,30"
21/08/2021,"5.275,74","35,29"
22/08/2021,"5.275,74","35,29"
23/08/2021,"5.316,04","35,31"
24/08/2021,"5.310,39","35,26"
25/08/2021,"5.302,94","35,08"
26/08/2021,"5.301,10","35,12"
27/08/2021,"5.319,52","35,19"
28/08/2021,"5.269,44","34,86"
29/08/2021,"5.269,44","34,86"
30/08/2021,"5.274,80","34,89"
31/08/2021,"5.239,20","34,65"
01/09/2021,"5.202,84","34,31"
02/09/2021,"5.192,32","34,13"
03/09/2021,"5.244,80","34,48"
04/09/2021,"5.257,54","34,56"
05/09/2021,"5.257,54","34,56"
06/09/2021,"5.240,30","34,50"
07/09/2021,"5.224,76","34,39"
08/09/2021,"5.237,59","34,56"
09/09/2021,"5.283,64","34,75"
10/09/2021,"5.306,27","34,87"
11/09/2021,"5.316,15","34,93"
12/09/2021,"5.316,15","34,93"
13/09/2021,"5.313,85","34,90"
14/09/2021,"5.312,62","34,97"
15/09/2021,"5.297,65","35,05"
16/09/2021,"5.267,52","34,89"
17/09/2021,"5.248,82","34,72"
18/09/2021,"5.262,60","34,81"
19/09/2021,"5.262,60","34,81"
20/09/2021,"5.233,12","34,96"
21/09/2021,"5.254,22","35,27"
22/09/2021,"5.245,02","35,06"
23/09/2021,"5.270,55","34,82"
24/09/2021,"5.245,47","34,65"
25/09/2021,"5.258,07","34,73"
26/09/2021,"5.258,07","34,73"
27/09/2021,"5.269,41","34,64"
28/09/2021,"5.194,61","34,44"
29/09/2021,"5.157,80","34,33"
30/09/2021,"5.170,49","34,37"
01/10/2021,"5.162,11","34,36"
02/10/2021,"5.119,57","34,08"
03/10/2021,"5.119,57","34,08"
04/10/2021,"5.143,96","34,11"
05/10/2021,"5.157,93","33,94"
06/10/2021,"5.150,82","34,13"
07/10/2021,"5.160,24","33,97"
08/10/2021,"5.144,67","33,67"
09/10/2021,"5.135,61","33,61"
10/10/2021,"5.135,61","33,61"
11/10/2021,"5.131,47","33,24"
12/10/2021,"5.122,43","33,15"
13/10/2021,"5.096,86","32,98"
14/10/2021,"5.097,57","32,77"
15/10/2021,"5.170,47","32,92"
16/10/2021,"5.194,15","33,07"
17/10/2021,"5.194,15","33,07"
18/10/2021,"5.175,86","33,02"
19/10/2021,"5.205,47","33,02"
20/10/2021,"5.204,03","32,95"
21/10/2021,"5.211,13","33,11"
22/10/2021,"5.210,55","33,31"
23/10/2021,"5.206,53","33,28"
24/10/2021,"5.206,53","33,28"
25/10/2021,"5.205,39","33,27"
26/10/2021,"5.199,18","33,00"
27/10/2021,"5.175,92","33,19"
28/10/2021,"5.190,09","33,17"
29/10/2021,"5.162,38","33,03"
30/10/2021,"5.187,52","33,19"
31/10/2021,"5.187,52","33,19"
01/11/2021,"5.175,79","33,14"
02/11/2021,"5.151,00","33,26"
03/11/2021,"5.161,69","33,12"
04/11/2021,"5.178,21","33,77"
05/11/2021,"5.190,14","33,91"
06/11/2021,"5.236,49","34,21"
07/11/2021,"5.236,49","34,21"
08/11/2021,"5.264,64","34,29"
09/11/2021,"5.250,41","34,31"
10/11/2021,"5.223,49","34,04"
11/11/2021,"5.188,94","34,00"
12/11/2021,"5.191,07","34,01"
13/11/2021,"5.208,69","34,12"
14/11/2021,"5.208,69","34,12"
15/11/2021,"5.223,07","34,12"
16/11/2021,"5.218,60","33,94"
17/11/2021,"5.249,59","34,04"
18/11/2021,"5.266,94","34,19"
19/11/2021,"5.307,46","34,63"
20/11/2021,"5.280,68","34,46"
21/11/2021,"5.280,68","34,46"
22/11/2021,"5.257,53","34,19"
23/11/2021,"5.231,64","34,03"
24/11/2021,"5.257,85","34,17"
25/11/2021,"5.287,36","34,41"
26/11/2021,"5.293,91","35,08"
27/11/2021,"5.345,44","35,42"
28/11/2021,"5.345,44","35,42"
29/11/2021,"5.329,21","35,27"
30/11/2021,"5.306,53","35,33"
01/12/2021,"5.333,05","35,45"
02/12/2021,"5.260,80","35,00"
03/12/2021,"5.215,53","34,84"
04/12/2021,"5.219,69","34,87"
05/12/2021,"5.219,69","34,87"
06/12/2021,"5.226,01","34,80"
07/12/2021,"5.220,08","34,70"
08/12/2021,"5.162,50","34,29"
09/12/2021,"5.158,98","34,43"
10/12/2021,"5.159,14","34,38"
11/12/2021,"5.143,05","34,28"
12/12/2021,"5.143,05","34,28"
13/12/2021,"5.143,25","34,23"
14/12/2021,"5.144,27","34,18"
15/12/2021,"5.202,16","34,58"
16/12/2021,"5.319,63","35,08"
17/12/2021,"5.309,54","35,23"
18/12/2021,"5.305,40","35,20"
19/12/2021,"5.305,40","35,20"
20/12/2021,"5.288,00","35,27"
21/12/2021,"5.295,81","35,08"
22/12/2021,"5.333,64","34,96"
23/12/2021,"5.359,73","34,94"
24/12/2021,"5.360,70","34,94"
25/12/2021,"5.356,75","34,92"
26/12/2021,"5.356,75","34,92"
27/12/2021,"5.359,35","34,77"
28/12/2021,"5.355,78","34,76"
29/12/2021,"5.399,79","34,84"
30/12/2021,"5.430,56","34,94"
31/12/2021,"5.392,28","34,57"
01/01/2022,"5.392,28","34,57"
02/01/2022,"5.392,28","34,57"
03/01/2022,"5.353,66","34,53"
04/01/2022,"5.533,35","35,16"
05/01/2022,"5.540,71","35,27"
06/01/2022,"5.468,50","34,92"
07/01/2022,"5.482,76","34,93"
08/01/2022,"5.488,39","34,97"
09/01/2022,"5.488,39","34,97"
10/01/2022,"5.483,54","35,13"
11/01/2022,"5.501,33","35,02"
12/01/2022,"5.490,75","34,93"
13/01/2022,"5.452,51","34,79"
14/01/2022,"5.405,53","34,72"
15/01/2022,"5.464,71","35,10"
16/01/2022,"5.464,71","35,10"
17/01/2022,"5.451,13","34,84"
18/01/2022,"5.424,38","34,87"
19/01/2022,"5.497,08","35,28"
20/01/2022,"5.467,59","35,12"
21/01/2022,"5.395,78","35,02"
22/01/2022,"5.373,41","34,88"
23/01/2022,"5.373,41","34,88"
24/01/2022,"5.337,53","34,79"
25/01/2022,"5.363,47","34,91"
26/01/2022,"5.387,07","34,88"
27/01/2022,"5.286,93","34,20"
28/01/2022,"5.290,54","34,24"
29/01/2022,"5.342,26","34,58"
30/01/2022,"5.342,26","34,58"
31/01/2022,"5.343,26","34,56"
01/02/2022,"5.325,84","34,35"
02/02/2022,"5.322,57","34,30"
03/02/2022,"5.346,47","34,19"
04/02/2022,"5.347,59","34,29"
05/02/2022,"5.362,10","34,38"
06/02/2022,"5.362,10","34,38"
07/02/2022,"5.362,10","34,44"
08/02/2022,"5.372,59","34,29"
09/02/2022,"5.371,74","34,34"
10/02/2022,"5.363,96","33,97"
11/02/2022,"5.329,32","33,81"
12/02/2022,"5.329,00","33,81"
13/02/2022,"5.329,00","33,81"
14/02/2022,"5.293,35","33,90"
15/02/2022,"5.326,08","34,03"
16/02/2022,"5.359,47","34,19"
17/02/2022,"5.398,59","34,48"
18/02/2022,"5.369,91","34,33"
19/02/2022,"5.334,58","34,11"
20/02/2022,"5.334,58","34,11"
21/02/2022,"5.344,01","34,20"
22/02/2022,"5.339,29","34,13"
23/02/2022,"5.331,94","34,18"
24/02/2022,"5.196,14","33,86"
25/02/2022,"5.286,76","34,09"
26/02/2022,"5.247,10","33,83"
27/02/2022,"5.247,10","33,83"
28/02/2022,"5.247,10","33,95"
01/03/2022,"5.221,01","34,06"
02/03/2022,"5.194,42","33,76"
03/03/2022,"5.153,37","33,41"
04/03/2022,"4.985,53","32,85"
05/03/2022,"5.030,92","33,15"
06/03/2022,"5.030,92","33,15"
07/03/2022,"4.999,52","32,99"
08/03/2022,"4.999,57","32,99"
09/03/2022,"4.982,60","32,70"
10/03/2022,"4.918,50","32,31"
11/03/2022,"4.954,55","32,36"
12/03/2022,"5.009,04","32,72"
13/03/2022,"5.009,04","32,72"
14/03/2022,"4.994,30","32,43"
15/03/2022,"4.966,57","32,16"
16/03/2022,"5.024,36","32,38"
17/03/2022,"5.035,23","32,31"
18/03/2022,"5.026,05","32,02"
19/03/2022,"5.031,63","32,06"
20/03/2022,"5.031,63","32,06"
21/03/2022,"5.045,00","32,07"
22/03/2022,"5.066,02","31,66"
23/03/2022,"4.975,20","31,11"
24/03/2022,"4.952,75","30,78"
25/03/2022,"5.011,89","31,14"
26/03/2022,"4.994,42","31,03"
27/03/2022,"4.994,42","31,03"
28/03/2022,"4.953,35","30,64"
29/03/2022,"4.972,90","30,85"
30/03/2022,"4.961,28","30,86"
31/03/2022,"4.935,00","30,88"
01/04/2022,"4.923,22","30,57"
02/04/2022,"4.947,81","30,73"
03/04/2022,"4.947,81","30,73"
04/04/2022,"4.950,83","30,76"
05/04/2022,"4.867,41","30,07"
06/04/2022,"4.874,25","30,09"
07/04/2022,"4.895,38","30,23"
08/04/2022,"4.906,59","30,32"
09/04/2022,"4.913,84","30,36"
10/04/2022,"4.913,84","30,36"
11/04/2022,"4.926,31","30,09"
12/04/2022,"4.881,45","29,91"
13/04/2022,"4.872,10","29,72"
14/04/2022,"4.875,52","29,68"
15/04/2022,"4.875,52","29,68"
16/04/2022,"4.875,52","29,68"
17/04/2022,"4.875,52","29,68"
18/04/2022,"4.865,43","29,51"
19/04/2022,"4.847,34","28,96"
20/04/2022,"4.900,45","29,41"
21/04/2022,"4.897,90","29,25"
22/04/2022,"4.828,19","29,27"
23/04/2022,"4.904,64","29,73"
24/04/2022,"4.904,64","29,73"
25/04/2022,"4.855,37","29,86"
26/04/2022,"4.962,05","30,92"
27/04/2022,"4.936,31","30,76"
28/04/2022,"4.935,15","30,28"
29/04/2022,"5.002,88","30,76"
30/04/2022,"4.979,65","30,61"
01/05/2022,"4.979,65","30,61"
02/05/2022,"4.965,97","30,45"
03/05/2022,"5.009,49","30,82"
04/05/2022,"5.021,03","30,90"
05/05/2022,"5.019,20","31,14"
06/05/2022,"5.047,33","31,33"
07/05/2022,"5.007,62","31,09"
08/05/2022,"5.007,62","31,09"
09/05/2022,"4.988,97","31,06"
10/05/2022,"5.030,80","31,37"
11/05/2022,"5.043,00","31,37"
12/05/2022,"4.989,21","31,85"
13/05/2022,"5.022,27","31,77"
14/05/2022,"5.023,27","31,77"
15/05/2022,"5.023,27","31,77"
16/05/2022,"5.036,43","31,85"
17/05/2022,"5.075,81","31,49"
18/05/2022,"5.007,02","31,40"
19/05/2022,"5.064,74","31,83"
20/05/2022,"5.050,23","31,64"
21/05/2022,"4.974,13","31,17"
22/05/2022,"4.974,13","31,17"
23/05/2022,"5.016,43","31,25"
24/05/2022,"4.947,81","31,22"
25/05/2022,"4.982,17","31,18"
26/05/2022,"4.978,11","31,09"
27/05/2022,"4.958,62","30,92"
28/05/2022,"4.935,22","30,78"
29/05/2022,"4.935,22","30,78"
30/05/2022,"4.935,22","30,78"
31/05/2022,"4.930,72","30,41"
01/06/2022,"4.719,33","29,06"
02/06/2022,"4.756,36","29,20"
03/06/2022,"4.739,55","28,95"
04/06/2022,"4.722,84","28,85"
05/06/2022,"4.722,84","28,85"
06/06/2022,"4.736,04","28,72"
07/06/2022,"4.780,34","28,68"
08/06/2022,"4.758,12","28,33"
09/06/2022,"4.743,82","28,17"
10/06/2022,"4.731,11","28,56"
11/06/2022,"4.828,82","29,15"
12/06/2022,"4.828,82","29,15"
13/06/2022,"4.746,85","29,22"
14/06/2022,"4.821,61","29,83"
15/06/2022,"4.801,82","29,57"
16/06/2022,"4.816,66","29,60"
17/06/2022,"4.765,19","28,92"
18/06/2022,"4.756,55","28,86"
19/06/2022,"4.756,55","28,86"
20/06/2022,"4.785,83","28,93"
21/06/2022,"4.796,77","28,69"
22/06/2022,"4.956,74","29,64"
23/06/2022,"4.941,95","29,94"
24/06/2022,"5.000,49","30,09"
25/06/2022,"5.075,61","30,54"
26/06/2022,"5.075,61","30,54"
27/06/2022,"5.080,98","30,55"
28/06/2022,"5.038,03","30,31"
29/06/2022,"4.957,56","29,89"
30/06/2022,"5.012,61","30,38"
01/07/2022,"4.983,74","30,72"
02/07/2022,"5.040,83","31,08"
03/07/2022,"5.040,83","31,08"
04/07/2022,"5.087,23","30,93"
05/07/2022,"5.002,62","30,87"
06/07/2022,"5.073,49","31,40"
07/07/2022,"5.217,98","31,99"
08/07/2022,"5.255,00","32,11"
09/07/2022,"5.277,33","32,25"
10/07/2022,"5.277,33","32,25"
11/07/2022,"5.215,46","31,93"
12/07/2022,"5.365,84","33,02"
13/07/2022,"5.529,12","33,73"
14/07/2022,"5.371,21","32,74"
15/07/2022,"5.356,01","32,61"
16/07/2022,"5.209,04","31,72"
17/07/2022,"5.209,04","31,72"
18/07/2022,"5.285,75","31,85"
19/07/2022,"5.192,52","31,30"
20/07/2022,"5.162,50","31,16"
21/07/2022,"5.142,06","31,22"
22/07/2022,"5.310,47","32,42"
23/07/2022,"5.326,99","32,52"
24/07/2022,"5.326,99","32,52"
25/07/2022,"5.328,54","32,36"
26/07/2022,"5.374,93","32,67"
27/07/2022,"5.347,79","32,38"
28/07/2022,"5.362,37","32,86"
29/07/2022,"5.324,56","32,74"
30/07/2022,"5.233,04","32,18"
31/07/2022,"5.233,04","32,18"
01/08/2022,"5.281,63","32,62"
02/08/2022,"5.188,18","32,23"
03/08/2022,"5.225,56","32,10"
04/08/2022,"5.245,24","32,53"
05/08/2022,"5.147,36","31,54"
06/08/2022,"5.230,54","32,05"
07/08/2022,"5.230,54","32,05"
08/08/2022,"5.256,35","32,19"
09/08/2022,"5.206,20","31,92"
10/08/2022,"5.284,76","32,62"
11/08/2022,"5.224,74","32,23"
12/08/2022,"5.127,46","31,65"
13/08/2022,"5.071,77","31,30"
14/08/2022,"5.071,77","31,30"
15/08/2022,"5.056,07","31,47"
16/08/2022,"5.061,93","31,15"
17/08/2022,"5.080,74","31,14"
18/08/2022,"5.181,49","31,92"
19/08/2022,"5.209,68","32,19"
20/08/2022,"5.193,62","32,09"
21/08/2022,"5.193,62","32,09"
22/08/2022,"5.188,11","32,08"
23/08/2022,"5.213,66","32,29"
24/08/2022,"5.171,04","31,99"
25/08/2022,"5.179,57","32,04"
26/08/2022,"5.197,63","32,11"
27/08/2022,"5.174,13","31,97"
28/08/2022,"5.174,13","31,97"
29/08/2022,"5.130,69","31,63"
30/08/2022,"5.101,51","31,57"
31/08/2022,"5.120,03","31,74"
01/09/2022,"5.098,13","31,59"
02/09/2022,"5.174,38","31,90"
03/09/2022,"5.174,04","31,90"
04/09/2022,"5.174,04","31,90"
05/09/2022,"5.139,87","31,78"
06/09/2022,"5.149,69","31,30"
07/09/2022,"5.136,88","31,01"
08/09/2022,"5.108,42","30,88"
09/09/2022,"5.092,25","30,86"
10/09/2022,"5.055,91","30,64"
11/09/2022,"5.055,91","30,64"
12/09/2022,"5.109,83","30,66"
13/09/2022,"5.018,07","30,14"
14/09/2022,"5.111,06","30,95"
15/09/2022,"5.044,32","30,60"
16/09/2022,"5.035,82","30,81"
17/09/2022,"5.071,50","31,03"
18/09/2022,"5.071,50","31,03"
19/09/2022,"5.059,96","30,96"
20/09/2022,"5.039,19","30,72"
21/09/2022,"5.008,95","30,67"
22/09/2022,"4.959,58","30,99"
23/09/2022,"4.775,30","30,57"
24/09/2022,"4.826,18","30,89"
25/09/2022,"4.826,18","30,89"
26/09/2022,"4.776,60","30,66"
27/09/2022,"4.845,51","31,07"
28/09/2022,"4.896,56","31,51"
29/09/2022,"4.951,11","31,03"
30/09/2022,"5.059,15","31,31"
01/10/2022,"5.124,42","31,71"
02/10/2022,"5.124,42","31,71"
03/10/2022,"5.178,13","31,78"
04/10/2022,"5.183,42","31,47"
05/10/2022,"5.042,64","30,98"
06/10/2022,"5.092,48","31,40"
07/10/2022,"5.152,15","31,88"
08/10/2022,"5.127,30","31,73"
09/10/2022,"5.127,30","31,73"
10/10/2022,"5.087,92","31,60"
11/10/2022,"5.105,42","31,60"
12/10/2022,"5.106,27","31,40"
13/10/2022,"5.180,66","31,29"
14/10/2022,"5.198,87","31,14"
15/10/2022,"5.218,06","31,25"
16/10/2022,"5.218,06","31,25"
17/10/2022,"5.300,36","31,17"
18/10/2022,"5.248,20","31,10"
19/10/2022,"5.341,31","31,69"
20/10/2022,"5.451,64","32,19"
21/10/2022,"5.455,15","32,57"
22/10/2022,"5.486,12","32,76"
23/10/2022,"5.486,12","32,76"
24/10/2022,"5.558,84","33,03"
25/10/2022,"5.694,90","33,62"
26/10/2022,"5.741,82","33,75"
27/10/2022,"5.669,24","33,53"
28/10/2022,"5.589,33","32,69"
29/10/2022,"5.586,43","32,67"
30/10/2022,"5.586,43","32,67"
31/10/2022,"5.548,84","32,42"
01/11/2022,"5.614,45","33,07"
02/11/2022,"5.703,51","33,82"
03/11/2022,"5.607,71","33,85"
04/11/2022,"5.705,45","34,35"
05/11/2022,"5.709,04","34,37"
06/11/2022,"5.709,04","34,37"
07/11/2022,"5.801,67","34,55"
08/11/2022,"5.852,53","34,79"
09/11/2022,"5.704,27","34,27"
10/11/2022,"5.739,89","34,71"
11/11/2022,"5.660,11","34,56"
12/11/2022,"5.660,11","34,56"
13/11/2022,"5.660,11","34,56"
14/11/2022,"5.638,96","34,23"
15/11/2022,"5.717,78","34,52"
16/11/2022,"5.709,90","34,45"
17/11/2022,"5.798,45","35,02"
18/11/2022,"5.989,78","35,90"
19/11/2022,"5.957,07","35,71"
20/11/2022,"5.957,07","35,71"
21/11/2022,"5.886,40","35,19"
22/11/2022,"5.890,60","35,08"
23/11/2022,"5.929,40","35,17"
24/11/2022,"5.919,35","35,24"
25/11/2022,"5.896,93","35,02"
26/11/2022,"5.903,58","35,05"
27/11/2022,"5.903,58","35,05"
28/11/2022,"5.876,49","35,17"
29/11/2022,"5.808,72","34,99"
30/11/2022,"5.727,65","34,47"
01/12/2022,"5.907,28","35,43"
02/12/2022,"5.838,10","35,28"
03/12/2022,"5.823,60","35,19"
04/12/2022,"5.823,60","35,19"
05/12/2022,"5.824,79","34,98"
06/12/2022,"5.882,16","35,22"
07/12/2022,"5.875,70","35,25"
08/12/2022,"5.896,44","35,36"
09/12/2022,"5.932,39","35,33"
10/12/2022,"5.920,30","35,26"
11/12/2022,"5.920,30","35,26"
12/12/2022,"5.901,03","35,05"
13/12/2022,"5.995,24","35,78"
14/12/2022,"5.944,42","35,54"
15/12/2022,"5.838,10","34,74"
16/12/2022,"5.828,86","35,10"
17/12/2022,"5.835,49","35,14"
18/12/2022,"5.835,49","35,14"
19/12/2022,"5.825,65","35,06"
20/12/2022,"5.804,00","36,38"
21/12/2022,"5.775,61","36,13"
22/12/2022,"5.727,78","36,00"
23/12/2022,"5.741,53","35,83"
24/12/2022,"5.722,76","35,72"
25/12/2022,"5.722,76","35,72"
26/12/2022,"5.722,76","35,72"
27/12/2022,"5.702,59","35,58"
28/12/2022,"5.736,63","35,51"
29/12/2022,"5.744,60","35,77"
30/12/2022,"5.786,19","36,46"
31/12/2022,"5.786,19","36,46"
01/01/2023,"5.786,19","36,46"
02/01/2023,"5.786,19","36,46"
03/01/2023,"5.775,61","36,79"
04/01/2023,"5.831,53","36,68"
05/01/2023,"5.851,19","36,78"
06/01/2023,"6.010,70","37,68"
07/01/2023,"5.885,51","36,90"
08/01/2023,"5.885,51","36,90"
09/01/2023,"5.956,35","37,04"
10/01/2023,"5.934,61","36,96"
11/01/2023,"5.829,52","36,26"
12/01/2023,"5.772,09","36,58"
13/01/2023,"5.731,33","36,80"
14/01/2023,"5.733,71","36,81"
15/01/2023,"5.733,71","36,81"
16/01/2023,"5.729,48","36,52"
17/01/2023,"5.763,99","36,63"
18/01/2023,"5.813,20","36,54"
19/01/2023,"5.812,26","36,61"
20/01/2023,"5.793,22","36,05"
21/01/2023,"5.728,64","35,65"
22/01/2023,"5.728,64","35,65"
23/01/2023,"5.730,03","35,46"
24/01/2023,"5.604,35","34,98"
25/01/2023,"5.618,55","35,07"
26/01/2023,"5.608,05","34,79"
27/01/2023,"5.600,11","34,87"
28/01/2023,"5.620,81","35,00"
29/01/2023,"5.620,81","35,00"
30/01/2023,"5.631,50","34,90"
31/01/2023,"5.702,70","35,62"
01/02/2023,"5.729,76","35,97"
02/02/2023,"5.703,70","36,13"
03/02/2023,"5.550,38","34,99"
04/02/2023,"5.653,65","35,64"
05/02/2023,"5.653,65","35,64"
06/02/2023,"5.609,53","35,15"
07/02/2023,"5.736,28","36,39"
08/02/2023,"5.768,44","36,33"
09/02/2023,"5.805,15","36,43"
10/02/2023,"5.726,97","36,11"
11/02/2023,"5.770,06","36,39"
12/02/2023,"5.770,06","36,39"
13/02/2023,"5.798,25","35,98"
14/02/2023,"5.858,24","36,28"
15/02/2023,"5.740,84","35,62"
16/02/2023,"5.859,50","36,35"
17/02/2023,"5.958,85","36,97"
18/02/2023,"5.901,99","36,62"
19/02/2023,"5.901,99","36,62"
20/02/2023,"5.917,24","36,69"
21/02/2023,"5.971,35","36,51"
22/02/2023,"5.973,07","36,78"
23/02/2023,"5.921,71","36,52"
24/02/2023,"5.795,56","35,59"
25/02/2023,"5.790,48","35,56"
26/02/2023,"5.790,48","35,56"
27/02/2023,"5.832,19","35,63"
28/02/2023,"5.820,97","35,30"
01/03/2023,"5.780,06","35,37"
02/03/2023,"5.796,47","35,47"
03/03/2023,"5.815,83","35,62"
04/03/2023,"5.726,07","35,07"
05/03/2023,"5.726,07","35,07"
06/03/2023,"5.751,41","35,17"
07/03/2023,"5.621,41","34,61"
08/03/2023,"5.616,83","34,66"
09/03/2023,"5.664,15","34,88"
10/03/2023,"5.746,29","35,35"
11/03/2023,"5.745,72","35,35"
12/03/2023,"5.745,72","35,35"
13/03/2023,"5.772,55","35,66"
14/03/2023,"5.793,59","35,51"
15/03/2023,"5.697,92","35,66"
16/03/2023,"5.856,53","36,36"
17/03/2023,"5.907,69","36,86"
18/03/2023,"5.856,40","36,54"
19/03/2023,"5.856,40","36,54"
20/03/2023,"5.912,60","36,65"
21/03/2023,"5.883,41","36,47"
22/03/2023,"5.876,13","36,21"
23/03/2023,"5.884,86","36,46"
24/03/2023,"5.814,32","36,40"
25/03/2023,"5.797,99","36,30"
26/03/2023,"5.797,99","36,30"
27/03/2023,"5.819,56","36,05"
28/03/2023,"5.777,69","35,79"
29/03/2023,"5.735,20","35,16"
30/03/2023,"5.729,47","34,86"
31/03/2023,"5.721,39","34,77"
01/04/2023,"5.744,65","34,91"
02/04/2023,"5.744,65","34,91"
03/04/2023,"5.759,75","35,11"
04/04/2023,"5.761,11","34,92"
05/04/2023,"5.711,89","35,05"
06/04/2023,"5.684,16","34,68"
07/04/2023,"5.684,16","34,68"
08/04/2023,"5.684,16","34,68"
09/04/2023,"5.684,16","34,68"
10/04/2023,"5.649,64","34,15"
11/04/2023,"5.674,95","34,18"
12/04/2023,"5.630,82","33,89"
13/04/2023,"5.578,27","33,67"
14/04/2023,"5.505,25","33,15"
15/04/2023,"5.506,81","33,16"
16/04/2023,"5.506,81","33,16"
17/04/2023,"5.471,18","32,89"
18/04/2023,"5.507,18","33,08"
19/04/2023,"5.568,97","33,23"
20/04/2023,"5.645,37","33,81"
21/04/2023,"5.623,69","33,74"
22/04/2023,"5.608,64","33,65"
23/04/2023,"5.608,64","33,65"
24/04/2023,"5.637,81","33,65"
25/04/2023,"5.558,91","33,48"
26/04/2023,"5.594,34","33,65"
27/04/2023,"5.676,40","33,94"
28/04/2023,"5.849,79","34,18"
29/04/2023,"5.868,47","34,29"
30/04/2023,"5.868,47","34,29"
01/05/2023,"5.845,82","34,00"
02/05/2023,"5.817,81","34,21"
03/05/2023,"5.906,67","34,88"
04/05/2023,"5.867,23","34,86"
05/05/2023,"5.824,51","34,22"
06/05/2023,"5.743,74","33,75"
07/05/2023,"5.743,74","33,75"
08/05/2023,"5.749,88","33,75"
09/05/2023,"5.665,09","33,25"
10/05/2023,"5.728,55","33,78"
11/05/2023,"5.691,96","33,81"
12/05/2023,"5.737,86","34,01"
13/05/2023,"5.692,08","33,73"
14/05/2023,"5.692,08","33,73"
15/05/2023,"5.710,11","33,53"
16/05/2023,"5.631,31","33,01"
17/05/2023,"5.649,29","32,97"
18/05/2023,"5.618,49","32,67"
19/05/2023,"5.623,79","32,65"
20/05/2023,"5.632,53","32,70"
21/05/2023,"5.632,53","32,70"
22/05/2023,"5.624,38","32,68"
23/05/2023,"5.625,74","32,68"
24/05/2023,"5.566,71","32,39"
25/05/2023,"5.487,53","31,82"
26/05/2023,"5.513,65","31,82"
27/05/2023,"5.502,34","31,76"
28/05/2023,"5.502,34","31,76"
29/05/2023,"5.511,49","31,80"
30/05/2023,"5.536,92","31,91"
31/05/2023,"5.464,08","31,55"
01/06/2023,"5.551,48","31,91"
02/06/2023,"5.505,39","31,58"
03/06/2023,"5.437,13","31,19"
04/06/2023,"5.437,13","31,19"
05/06/2023,"5.405,33","31,19"
06/06/2023,"5.343,94","30,81"
07/06/2023,"5.289,69","30,38"
08/06/2023,"5.275,95","30,28"
09/06/2023,"5.258,62","29,99"
10/06/2023,"5.250,67","29,95"
11/06/2023,"5.250,67","29,95"
12/06/2023,"5.221,25","29,89"
13/06/2023,"5.260,90","29,85"
14/06/2023,"5.314,72","30,02"
15/06/2023,"5.330,59","29,77"
16/06/2023,"5.335,55","29,43"
17/06/2023,"5.311,29","29,30"
18/06/2023,"5.311,29","29,30"
19/06/2023,"5.305,49","29,23"
20/06/2023,"5.279,99","29,33"
21/06/2023,"5.282,74","29,21"
22/06/2023,"5.299,01","29,12"
23/06/2023,"5.229,18","28,62"
24/06/2023,"5.298,44","29,00"
25/06/2023,"5.298,44","29,00"
26/06/2023,"5.298,65","29,04"
27/06/2023,"5.317,63","28,97"
28/06/2023,"5.236,90","28,73"
29/06/2023,"5.261,20","28,83"
30/06/2023,"5.328,58","29,00"
01/07/2023,"5.311,17","28,90"
02/07/2023,"5.311,17","28,90"
03/07/2023,"5.301,14","28,92"
05/07/2023,"5.312,84","28,92"
06/07/2023,"5.240,80","28,61"
07/07/2023,"5.380,65","29,51"
08/07/2023,"5.373,00","29,47"
09/07/2023,"5.373,00","29,47"
10/07/2023,"5.370,06","29,57"
11/07/2023,"5.357,49","29,54"
12/07/2023,"5.450,41","30,30"
13/07/2023,"5.413,51","29,87"
14/07/2023,"5.381,38","29,62"
15/07/2023,"5.364,55","29,53"
16/07/2023,"5.364,55","29,53"
17/07/2023,"5.349,42","29,40"
18/07/2023,"5.323,78","29,36"
20/07/2023,"5.117,14","28,37"
21/07/2023,"5.112,77","28,08"
22/07/2023,"5.101,44","28,02"
23/07/2023,"5.101,44","28,02"
24/07/2023,"5.090,51","28,14"
25/07/2023,"5.079,06","28,00"
26/07/2023,"5.141,64","28,34"
27/07/2023,"5.076,37","27,97"
28/07/2023,"5.058,18","28,02"
29/07/2023,"5.047,18","27,96"
30/07/2023,"5.047,18","27,96"
31/07/2023,"5.048,16","27,61"
01/08/2023,"4.974,85","27,21"
02/08/2023,"5.083,84","27,95"
03/08/2023,"5.150,35","28,51"
04/08/2023,"5.287,30","29,23"
05/08/2023,"5.201,97","28,75"
06/08/2023,"5.201,97","28,75"
07/08/2023,"5.208,09","28,65"
08/08/2023,"5.187,50","28,49"
09/08/2023,"5.190,15","28,37"
10/08/2023,"5.134,10","27,92"
11/08/2023,"5.028,48","27,33"
12/08/2023,"5.051,59","27,45"
13/08/2023,"5.051,59","27,45"
14/08/2023,"5.030,93","27,32"
15/08/2023,"5.136,37","27,76"
16/08/2023,"5.223,53","28,09"
17/08/2023,"5.269,06","28,29"
18/08/2023,"5.211,00","28,19"
19/08/2023,"5.249,28","28,39"
20/08/2023,"5.249,28","28,39"
21/08/2023,"5.249,49","28,19"
22/08/2023,"5.250,93","28,27"
23/08/2023,"5.225,48","28,46"
24/08/2023,"5.168,04","28,06"
26/08/2023,"5.168,43","28,09"
27/08/2023,"5.168,43","28,09"
28/08/2023,"5.178,52","28,08"
29/08/2023,"5.176,20","28,10"
30/08/2023,"5.231,10","28,18"
31/08/2023,"5.176,73","28,06"
01/09/2023,"5.172,99","28,07"
02/09/2023,"5.127,76","27,83"
03/09/2023,"5.127,76","27,83"
04/09/2023,"5.126,74","27,75"
05/09/2023,"5.101,35","27,51"
06/09/2023,"5.107,74","27,70"
07/09/2023,"5.106,89","27,83"
09/09/2023,"5.009,51","27,17"
10/09/2023,"5.009,51","27,17"
11/09/2023,"5.026,76","27,40"
12/09/2023,"4.983,58","27,16"
13/09/2023,"4.988,72","27,07"
14/09/2023,"4.906,05","26,85"
15/09/2023,"4.867,40","26,56"
16/09/2023,"4.869,50","26,57"
18/09/2023,"4.863,21","26,60"
19/09/2023,"4.844,16","26,44"
20/09/2023,"4.838,76","26,42"
21/09/2023,"4.800,79","26,49"
22/09/2023,"4.842,73","26,66"
23/09/2023,"4.843,28","26,67"
24/09/2023,"4.843,28","26,67"
25/09/2023,"4.816,82","26,51"
26/09/2023,"4.931,54","27,23"
27/09/2023,"4.937,40","27,22"
28/09/2023,"4.993,17","27,40"
29/09/2023,"4.986,64","27,38"
30/09/2023,"4.947,82","27,17"
01/10/2023,"4.947,82","27,17"
02/10/2023,"4.913,56","27,05"
03/10/2023,"5.002,23","27,78"
04/10/2023,"5.072,77","28,11"
06/10/2023,"5.313,67","29,19"
09/10/2023,"5.356,99","29,53"
10/10/2023,"5.377,39","29,47"
11/10/2023,"5.210,19","28,37"
12/10/2023,"5.145,36","28,13"
13/10/2023,"5.135,11","28,27"
14/10/2023,"5.157,44","28,39"
15/10/2023,"5.157,44","28,39"
16/10/2023,"5.179,32","28,39"
17/10/2023,"5.175,71","28,38"
18/10/2023,"5.128,15","28,19"
19/10/2023,"5.133,32","28,20"
20/10/2023,"5.163,19","28,35"
21/10/2023,"5.149,99","28,28"
22/10/2023,"5.149,99","28,28"
23/10/2023,"5.175,21","28,28"
24/10/2023,"5.141,02","28,17"
25/10/2023,"5.117,45","28,11"
26/10/2023,"5.095,62","27,95"
27/10/2023,"5.045,97","27,77"
28/10/2023,"5.004,29","27,54"
29/10/2023,"5.004,29","27,54"
30/10/2023,"5.008,82","27,65"
31/10/2023,"4.927,61","26,81"
01/11/2023,"4.988,17","27,25"
02/11/2023,"5.012,69","27,36"
03/11/2023,"5.007,49","27,10"
04/11/2023,"4.918,38","26,62"
06/11/2023,"4.925,73","26,55"
07/11/2023,"4.888,96","26,41"
08/11/2023,"4.921,42","26,55"
09/11/2023,"4.995,64","26,93"
10/11/2023,"4.948,05","26,78"
11/11/2023,"4.923,96","26,65"
12/11/2023,"4.923,96","26,65"
13/11/2023,"4.947,37","26,62"
14/11/2023,"5.028,93","26,77"
15/11/2023,"4.932,07","26,27"
16/11/2023,"4.947,39","26,44"
17/11/2023,"5.069,89","27,26"
18/11/2023,"5.118,57","27,52"
19/11/2023,"5.118,57","27,52"
20/11/2023,"5.143,89","27,75"
21/11/2023,"5.057,41","27,29"
22/11/2023,"5.059,15","27,12"
23/11/2023,"5.131,17","27,37"
24/11/2023,"5.161,86","27,37"
25/11/2023,"5.101,54","27,05"
26/11/2023,"5.101,54","27,05"
27/11/2023,"5.098,91","27,16"
28/11/2023,"5.060,18","26,98"
29/11/2023,"5.025,38","26,85"
30/11/2023,"5.039,33","26,93"
01/12/2023,"5.110,33","27,40"
02/12/2023,"5.031,91","26,98"
03/12/2023,"5.031,91","26,98"
04/12/2023,"5.022,95","27,08"
05/12/2023,"5.044,89","27,19"
06/12/2023,"5.066,83","27,33"
07/12/2023,"5.016,86","27,70"
08/12/2023,"5.015,73","27,67"
09/12/2023,"5.015,73","27,67"
10/12/2023,"5.015,73","27,67"
11/12/2023,"5.018,13","27,31"
12/12/2023,"5.003,02","27,34"
13/12/2023,"4.998,78","27,49"
14/12/2023,"5.103,47","28,23"
15/12/2023,"5.023,77","27,91"
16/12/2023,"5.024,89","27,91"
17/12/2023,"5.024,89","27,91"
18/12/2023,"5.002,53","27,65"
19/12/2023,"5.009,73","27,34"
20/12/2023,"4.972,97","27,32"
21/12/2023,"4.996,68","27,77"
22/12/2023,"5.013,96","27,69"
23/12/2023,"4.978,86","27,50"
24/12/2023,"4.978,86","27,50"
25/12/2023,"4.978,86","27,50"
26/12/2023,"4.974,55","27,46"
27/12/2023,"4.950,62","27,22"
28/12/2023,"4.909,82","27,29"
29/12/2023,"4.872,35","27,11"
30/12/2023,"4.872,35","27,11"
31/12/2023,"4.872,35","27,11"
01/01/2024,"4.872,35","27,11"
02/01/2024,"4.825,15","26,93"
03/01/2024,"4.919,86","27,13"
04/01/2024,"4.971,15","27,07"
05/01/2024,"5.008,53","27,25"
06/01/2024,"4.989,77","27,15"
07/01/2024,"4.989,77","27,15"
08/01/2024,"4.989,18","27,19"
09/01/2024,"4.970,99","27,11"
10/01/2024,"5.010,70","27,02"
11/01/2024,"5.016,65","27,04"
12/01/2024,"5.015,00","27,15"
13/01/2024,"4.978,75","26,96"
14/01/2024,"4.978,75","26,96"
15/01/2024,"4.967,24","26,76"
16/01/2024,"4.936,81","26,55"
17/01/2024,"4.988,52","26,55"
18/01/2024,"5.030,15","26,79"
20/01/2024,"4.965,98","26,44"
21/01/2024,"4.965,98","26,44"
22/01/2024,"4.980,86","26,49"
23/01/2024,"4.945,62","26,30"
24/01/2024,"5.018,41","26,77"
25/01/2024,"4.991,23","26,63"
26/01/2024,"5.003,32","26,56"
27/01/2024,"4.993,52","26,51"
28/01/2024,"4.993,52","26,51"
29/01/2024,"4.976,64","26,58"
30/01/2024,"4.963,91","26,51"
31/01/2024,"4.999,06","26,86"
01/02/2024,"4.966,30","26,77"
02/02/2024,"4.922,57","26,23"
03/02/2024,"4.972,01","26,49"
04/02/2024,"4.972,01","26,49"
05/02/2024,"4.918,19","26,39"
06/02/2024,"5.000,49","26,85"
07/02/2024,"4.990,16","26,70"
08/02/2024,"4.994,59","26,52"
09/02/2024,"4.996,34","26,48"
10/02/2024,"4.960,21","26,29"
11/02/2024,"4.960,21","26,29"
12/02/2024,"4.952,95","26,27"
13/02/2024,"4.933,84","26,00"
14/02/2024,"4.930,70","26,08"
15/02/2024,"4.929,64","26,10"
16/02/2024,"4.920,99","26,03"
17/02/2024,"4.930,99","26,08"
18/02/2024,"4.930,99","26,08"
19/02/2024,"4.931,58","26,09"
20/02/2024,"4.960,57","26,16"
21/02/2024,"4.935,62","26,04"
22/02/2024,"4.960,97","26,11"
23/02/2024,"4.989,80","26,14"
24/02/2024,"5.007,20","26,24"
25/02/2024,"5.007,20","26,24"
26/02/2024,"5.009,57","26,20"
27/02/2024,"5.026,57","26,35"
28/02/2024,"4.979,90","26,10"
29/02/2024,"4.975,76","26,28"
01/03/2024,"4.974,48","26,19"
02/03/2024,"4.978,92","26,21"
03/03/2024,"4.978,92","26,21"
04/03/2024,"4.996,63","26,15"
05/03/2024,"5.027,64","26,33"
06/03/2024,"5.028,51","26,41"
07/03/2024,"5.029,53","26,55"
08/03/2024,"5.050,57","26,66"
09/03/2024,"5.030,81","26,56"
10/03/2024,"5.030,81","26,56"
11/03/2024,"5.001,51","26,59"
12/03/2024,"4.995,94","26,46"
13/03/2024,"5.016,44","26,53"
14/03/2024,"4.982,14","26,37"
15/03/2024,"4.967,63","26,15"
16/03/2024,"4.948,84","26,05"
17/03/2024,"4.948,84","26,05"
18/03/2024,"4.946,12","26,05"
19/03/2024,"4.932,81","25,75"
20/03/2024,"4.949,94","25,68"
21/03/2024,"4.923,78","25,64"
22/03/2024,"4.899,88","25,69"
23/03/2024,"4.916,88","25,78"
24/03/2024,"4.916,88","25,78"
25/03/2024,"4.933,26","25,77"
26/03/2024,"4.927,02","25,74"
27/03/2024,"4.882,53","25,54"
28/03/2024,"4.853,79","25,39"
29/03/2024,"4.853,79","25,39"
30/03/2024,"4.853,79","25,39"
31/03/2024,"4.853,79","25,39"
01/04/2024,"4.826,89","25,34"
02/04/2024,"4.854,89","25,49"
03/04/2024,"4.852,28","25,33"
04/04/2024,"4.829,40","25,14"
05/04/2024,"4.762,06","24,91"
06/04/2024,"4.748,01","24,84"
07/04/2024,"4.748,01","24,84"
08/04/2024,"4.760,62","24,80"
09/04/2024,"4.777,14","24,85"
10/04/2024,"4.728,94","24,64"
11/04/2024,"4.776,74","24,89"
12/04/2024,"4.750,49","24,98"
13/04/2024,"4.806,28","25,27"
14/04/2024,"4.806,28","25,27"
15/04/2024,"4.812,08","25,04"
16/04/2024,"4.839,61","25,16"
17/04/2024,"4.903,34","25,46"
18/04/2024,"4.856,16","25,23"
19/04/2024,"4.871,73","25,34"
20/04/2024,"4.895,23","25,47"
21/04/2024,"4.895,23","25,47"
22/04/2024,"4.855,07","25,45"
23/04/2024,"4.879,92","25,35"
24/04/2024,"4.861,51","25,22"
25/04/2024,"4.915,82","25,30"
26/04/2024,"4.940,47","25,21"
27/04/2024,"4.892,41","24,96"
28/04/2024,"4.892,41","24,96"
29/04/2024,"4.926,57","25,06"
30/04/2024,"4.850,13","24,61"
01/05/2024,"4.871,11","24,73"
02/05/2024,"4.868,18","25,31"
03/05/2024,"4.891,60","25,50"
04/05/2024,"4.887,57","25,48"
05/05/2024,"4.887,57","25,48"
06/05/2024,"4.899,84","25,30"
07/05/2024,"4.888,23","25,22"
08/05/2024,"4.853,52","24,97"
09/05/2024,"4.883,17","25,09"
10/05/2024,"4.878,40","25,02"
11/05/2024,"4.863,18","24,94"
12/05/2024,"4.863,18","24,94"
13/05/2024,"4.884,56","24,93"
14/05/2024,"4.894,87","24,86"
15/05/2024,"4.884,62","24,86"
16/05/2024,"4.846,23","24,63"
17/05/2024,"4.862,23","24,64"
18/05/2024,"4.866,40","24,66"
19/05/2024,"4.866,40","24,66"
20/05/2024,"4.870,23","24,55"
21/05/2024,"4.863,04","24,51"
22/05/2024,"4.854,51","24,37"
23/05/2024,"4.867,98","24,39"
24/05/2024,"4.888,50","24,45"
25/05/2024,"4.940,08","24,71"
26/05/2024,"4.940,08","24,71"
27/05/2024,"4.955,01","24,74"
28/05/2024,"4.955,20","24,73"
29/05/2024,"4.899,01","24,46"
30/05/2024,"4.926,20","24,69"
31/05/2024,"4.932,78","24,65"
01/06/2024,"4.915,72","24,57"
02/06/2024,"4.915,72","24,57"
03/06/2024,"4.931,75","24,72"
04/06/2024,"4.934,45","24,93"
05/06/2024,"4.988,13","25,01"
06/06/2024,"5.016,92","25,18"
07/06/2024,"5.010,40","25,11"
08/06/2024,"5.017,54","25,15"
09/06/2024,"5.017,54","25,15"
10/06/2024,"5.015,96","25,14"
11/06/2024,"5.013,59","25,07"
12/06/2024,"5.085,90","25,42"
13/06/2024,"5.136,29","25,64"
14/06/2024,"5.202,79","26,10"
15/06/2024,"5.258,56","26,38"
16/06/2024,"5.258,56","26,38"
17/06/2024,"5.264,37","26,30"
18/06/2024,"5.259,74","26,24"
19/06/2024,"5.222,71","25,98"
20/06/2024,"5.203,22","25,84"
21/06/2024,"5.273,19","26,17"
22/06/2024,"5.232,48","25,97"
23/06/2024,"5.232,48","25,97"
24/06/2024,"5.257,34","25,94"
25/06/2024,"5.200,87","25,70"
26/06/2024,"5.167,63","25,49"
27/06/2024,"5.228,81","25,74"
28/06/2024,"5.256,25","25,85"
29/06/2024,"5.243,54","25,79"
30/06/2024,"5.243,54","25,79"
01/07/2024,"5.244,99","25,66"
02/07/2024,"5.258,26","25,69"
03/07/2024,"5.270,54","25,60"
04/07/2024,"5.228,04","25,43"
05/07/2024,"5.241,97","25,45"
06/07/2024,"5.238,94","25,43"
07/07/2024,"5.238,94","25,43"
08/07/2024,"5.252,86","25,49"
09/07/2024,"5.187,22","25,12"
10/07/2024,"5.160,09","24,88"
11/07/2024,"5.143,83","25,10"
12/07/2024,"5.155,36","25,16"
13/07/2024,"5.124,32","25,01"
14/07/2024,"5.124,32","25,01"
15/07/2024,"5.121,95","24,99"
16/07/2024,"5.112,20","24,90"
17/07/2024,"5.175,49","25,42"
18/07/2024,"5.205,72","25,59"
19/07/2024,"5.214,04","25,66"
20/07/2024,"5.218,52","25,68"
21/07/2024,"5.218,52","25,68"
22/07/2024,"5.217,31","25,75"
23/07/2024,"5.171,16","25,68"
24/07/2024,"5.181,00","26,17"
25/07/2024,"5.211,97","26,34"
26/07/2024,"5.186,39","26,28"
28/07/2024,"5.160,11","26,15"
29/07/2024,"5.157,30","26,06"
30/07/2024,"5.208,26","26,26"
31/07/2024,"5.252,18","27,18"
01/08/2024,"5.194,19","27,06"
02/08/2024,"5.195,78","27,66"
03/08/2024,"5.263,95","28,03"
04/08/2024,"5.263,95","28,03"
05/08/2024,"5.244,22","28,83"
06/08/2024,"5.317,62","28,97"
07/08/2024,"5.261,96","28,07"
08/08/2024,"5.259,06","28,09"
09/08/2024,"5.233,63","27,97"
10/08/2024,"5.187,33","27,73"
11/08/2024,"5.187,33","27,73"
12/08/2024,"5.197,09","27,48"
13/08/2024,"5.210,52","27,64"
14/08/2024,"5.191,97","27,52"
15/08/2024,"5.168,12","26,98"
16/08/2024,"5.174,88","27,12"
17/08/2024,"5.184,48","27,17"
18/08/2024,"5.184,48","27,17"
19/08/2024,"5.222,29","27,47"
20/08/2024,"5.240,18","27,62"
21/08/2024,"5.239,45","27,55"
22/08/2024,"5.259,32","27,45"
23/08/2024,"5.360,66","28,00"
24/08/2024,"5.316,46","27,77"
25/08/2024,"5.316,46","27,77"
26/08/2024,"5.321,70","27,96"
27/08/2024,"5.325,46","27,90"
28/08/2024,"5.346,11","27,99"
29/08/2024,"5.348,56","27,96"
30/08/2024,"5.430,63","28,38"
31/08/2024,"5.467,69","28,57"
01/09/2024,"5.467,69","28,57"
02/09/2024,"5.471,85","28,31"
03/09/2024,"5.447,30","28,57"
04/09/2024,"5.508,72","29,05"
05/09/2024,"5.507,49","29,08"
06/09/2024,"5.499,35","29,32"
07/09/2024,"5.469,42","29,16"
08/09/2024,"5.469,42","29,16"
09/09/2024,"5.427,30","29,07"
10/09/2024,"5.510,31","29,58"
11/09/2024,"5.577,51","30,30"
12/09/2024,"5.596,20","30,02"
13/09/2024,"5.572,65","30,12"
14/09/2024,"5.487,81","29,66"
15/09/2024,"5.487,81","29,66"
16/09/2024,"5.506,17","29,71"
17/09/2024,"5.565,47","29,78"
18/09/2024,"5.600,79","29,85"
19/09/2024,"5.551,66","29,31"
20/09/2024,"5.544,74","28,91"
21/09/2024,"5.520,56","28,78"
22/09/2024,"5.520,56","28,78"
23/09/2024,"5.549,66","28,92"
24/09/2024,"5.562,71","28,92"
25/09/2024,"5.535,87","28,67"
26/09/2024,"5.617,43","28,95"
27/09/2024,"5.615,21","29,31"
28/09/2024,"5.583,16","29,15"
29/09/2024,"5.583,16","29,15"
30/09/2024,"5.585,66","29,11"
01/10/2024,"5.551,92","29,10"
02/10/2024,"5.596,87","28,89"
03/10/2024,"5.510,07","28,64"
04/10/2024,"5.504,69","28,27"
05/10/2024,"5.473,13","28,10"
06/10/2024,"5.473,13","28,10"
07/10/2024,"5.458,52","28,16"
08/10/2024,"5.492,47","28,28"
09/10/2024,"5.534,51","28,38"
10/10/2024,"5.524,50","28,46"
11/10/2024,"5.514,04","28,25"
12/10/2024,"5.481,56","28,09"
13/10/2024,"5.481,56","28,09"
15/10/2024,"5.490,58","28,09"
16/10/2024,"5.521,90","28,37"
17/10/2024,"5.544,99","28,44"
18/10/2024,"5.557,68","28,50"
19/10/2024,"5.543,32","28,42"
20/10/2024,"5.543,32","28,42"
21/10/2024,"5.528,22","28,30"
22/10/2024,"5.563,40","28,39"
23/10/2024,"5.518,61","27,85"
24/10/2024,"5.564,26","28,27"
25/10/2024,"5.601,71","28,36"
26/10/2024,"5.608,08","28,39"
27/10/2024,"5.608,08","28,39"
28/10/2024,"5.603,33","28,17"
29/10/2024,"5.647,72","28,30"
30/10/2024,"5.681,76","28,51"
31/10/2024,"5.674,16","28,97"
01/11/2024,"5.714,14","28,83"
02/11/2024,"5.719,88","28,86"
03/11/2024,"5.719,88","28,86"
04/11/2024,"5.729,37","29,04"
05/11/2024,"5.739,30","29,03"
06/11/2024,"5.699,56","28,65"
07/11/2024,"5.758,86","28,96"
08/11/2024,"5.621,85","28,50"
09/11/2024,"5.624,63","28,52"
10/11/2024,"5.624,63","28,52"
11/11/2024,"5.594,85","28,25"
12/11/2024,"5.547,91","28,13"
,,
,,
